account_age_days,followers,following,posts_count,has_profile_pic,bio_length,username_digit_ratio,display_name_matches_username,avg_posts_per_day,follower_following_ratio_extreme,engagement_rate,account_uses_stock_photo,recent_username_changes,label
887.0685760230718,417.24441693707945,134.6794181432716,81.94242110581789,1,127.37544806075482,0.18387123468375846,0,0.05265395662850595,0,0.20463976627881147,1,1,0
477.16948361632643,400.77745637490364,29.729726391122586,58.63615375223914,1,63.505937329771584,0.019374919067080467,1,0.06689811900325163,0,0.18214336251273036,0,0,0
56.064416049662206,14.74201332672234,2576.675823554015,23.412533210827384,1,17.489556030954287,0.5445050678870799,0,0.9805764231383347,0,0.0203000261445142,0,1,1
405.2309399840679,1017.669117055813,171.09810725086345,49.61581063322277,1,66.49296573046603,0.3536805275010597,1,0.020149320332900737,0,0.2383527346411611,0,0,0
27.1469231101785,978.507795991158,932.6058998123368,10.195019820018825,0,10.448372117300908,0.32176344910860294,0,2.0011931791579003,1,0.11445159021898486,0,0,1
28.987334784480964,21.73597521618486,335.89980007781617,2.607512053590043,1,34.0440479115776,0.6353929064939211,0,3.101650562312783,0,0.044725949730633596,1,0,1
382.1731235870942,170.8664667657406,190.53164524291336,58.55158203365726,1,36.56115001747289,0.2650482699990347,0,0.11189318623763296,0,0.3021275602634504,0,0,0
111.33118949286843,20.226696552637527,458.2686136311727,33.342083201636925,1,4.763313270772698,0.6006710069052067,0,6.742581080535862,0,0.016036518137434293,0,1,1
3.588384307126755,10.18530791118263,346.52498383105217,0.9699230082707341,1,0.42626228766783003,0.6156543290812454,1,4.451897287589171,1,0.012828173912844935,1,2,1
1335.7143889740948,511.99154967499095,87.38122976953277,46.338110699919,1,85.75066760980573,0.16252652018726635,0,0.04464618317451154,0,0.12174091837850926,0,0,0
10.046827936574473,6.393492817876427,2743.327260964376,2.0946942904645383,1,14.430336999103806,0.7452223290113168,0,6.458998546050254,0,0.04938020710185568,1,1,1
580.1242336251262,62.290373602990414,110.05195412719557,115.91390542649098,1,14.727329923156844,0.12543639469876447,1,0.17198608135454624,0,0.41852241355595915,0,0,0
1207.989711287748,168.58148586991484,157.84410915225703,84.48109632424172,1,94.55365735441933,0.1665481041023536,0,0.06873706718409348,0,0.12207120610856521,0,0,0
1140.0717016958054,320.753144621623,174.1614378971846,69.96466179709756,1,63.76070459440607,0.1345219170301778,1,0.2867520389403242,0,0.3746122763326187,0,0,0
259.465396577084,2491.2806692172135,27.612553759734347,16.840552091095248,1,38.70713764335936,0.039839069633538816,1,0.09987581960777159,1,0.266969996988831,0,0,0
102.29177609248752,6.695700329173752,73.37306332611873,6.018540805503742,1,12.518300832627581,0.0737145574431106,0,1.9483623608481535,0,0.06564945041898869,0,2,1
149.17058045458444,17.21728811405551,1120.676485582014,1.378725554234398,0,19.43966465165656,0.5020822721400349,0,2.314496174282454,1,0.0030994423082420105,1,2,1
547.6633685650588,657.5387898303469,51.72416005139767,18.270185916991036,1,50.266629745423174,0.048352301979921,1,0.04772625781068875,0,0.26571928267175593,0,0,0
53.46831149774701,102.15645497209186,2270.963473185816,8.874879768316683,1,8.190556352924741,0.43219498485842245,1,5.531852663238,0,0.10350499494616405,0,1,1
36.33978840382565,532.1799206365973,92.01772948216572,72.16853658542338,1,93.92934267618719,0.02112114541842144,0,0.08530330033686588,0,0.23492665524848133,0,0,0
0.3591802208014673,7.240761950899122,912.2893042549724,7.405155257818989,0,15.695454789823977,0.6071640092591793,0,1.412126199307016,1,0.0016019959569984177,1,0,1
85.2219241813223,1.7397532804553972,2226.0036986695754,5.787081667636215,1,115.71160684516849,0.13440850649988242,0,6.985242705325291,1,0.022620190066912904,0,0,1
1209.5855584876967,81.8220212601121,101.29777736362873,51.39565695875829,1,111.16297086415568,0.16998638067941618,1,0.20408473157360033,0,0.12217893506192344,0,0,0
92.59031034573792,11.962157987771972,373.9473421061968,1.4555258319282527,0,16.529914930263846,0.7445770091886265,0,3.1102049720140554,0,0.024350730556650484,1,1,1
773.3112155259926,248.99515995027426,207.88445266073703,109.17032540393778,1,27.784048531274507,0.06802661541803504,1,0.06069771271805828,0,0.33981064978020487,0,0,0
1215.6441129192701,198.54042254766674,408.88507474395396,57.65115176065188,1,80.01507139228485,0.37224843376158245,1,0.05323110686285735,0,0.32316212534283234,0,0,0
0.9217556302860147,91.01775790937535,1070.7050995505788,2.675081359840447,0,26.34397197294812,0.7033814188470904,0,3.3621019152289042,0,0.004432218046330527,1,2,1
13.225255910907881,22.801477229330462,879.1400306557753,7.48034466830601,1,4.8938436252526385,0.4305313243658379,0,3.483143911000842,0,0.00447883198940987,0,0,1
47.342808059373574,205.0114323186423,724.7825340878493,0.6957250056623848,0,37.87208936822382,0.4019040168324556,1,4.298486396466784,0,0.014843442767183338,0,0,1
991.617218610953,258.0245805221423,329.97147717712494,55.60200583022998,1,29.337918756129753,0.0976539441804201,1,0.06634936041115702,0,0.3642864610556242,0,1,0
1394.7919672974265,1256.5365615647866,94.43015758650593,56.63391152813768,1,44.55161906719176,0.048266096086437324,1,0.08472524551373835,0,0.22604143741767183,0,1,0
1107.2047166379982,814.1091738204756,64.18013820686859,11.000269338127653,1,71.67421540726717,0.53464887953503,1,0.6117748375170293,0,0.0983809001380497,0,0,0
74.48566887436918,15.223715161481975,514.7677683441656,30.416211517066266,0,6.617736528974407,0.4012658473471667,0,6.019767892749352,1,0.0028663415733982613,0,0,1
89.94829684474222,5.254018971592084,492.03386993319737,5.660484240828497,1,3.830245923816309,0.7362314845734549,0,1.1348312425860483,1,0.0431666486600115,0,4,1
1193.111165679639,162.25852127236396,84.96792855186666,137.89723361941583,1,42.77135189321148,0.24218870963615244,1,0.4698978035830959,0,0.33336614126660047,0,1,0
157.03263009075863,130.8277610749263,201.55236762633186,0.18898428768200592,1,11.637868806783086,0.25510861538438556,0,1.931683899784396,1,0.10724213436765286,0,3,1
171.98025679117927,10.603476293290335,50.0,14.708737573622013,1,17.509454628365027,0.6287052816050699,0,0.8340134603628715,0,0.03966233595007454,0,0,1
14.542665942598651,12.936551013114276,3516.321984360078,1.405283890861274,0,4.3923197453162395,0.6096266686419665,0,1.1078944045237062,0,0.00730242183525045,1,1,1
1099.8871133617183,81.59864537085403,48.135901624326834,27.249429359354945,1,15.941773911048223,0.16978472844181752,1,0.2965871156417645,0,0.06701148066103066,0,1,0
1725.4639661156248,204.1260605507381,58.40147919312688,10.011477838548512,1,18.406390089060565,0.00228779617697789,1,0.4343961093333737,0,0.27100239925665054,0,0,0
167.2467683701807,189.8718183320612,130.07036189148474,1.6321622867557162,0,0.4226199413527899,0.3935863484724839,1,2.719697442197141,1,0.05839654416321039,0,0,1
788.0705915597503,137.34701113447827,102.12719777865786,45.428885802361236,1,39.92156081995534,0.04239831926843368,0,0.4648296861275057,0,0.1847222284884082,0,0,0
107.85878734357495,10.571086157693847,910.6244431382098,5.063480273014077,0,25.79416858441973,0.31235159283039443,0,5.311455698025732,0,0.0954490568629669,1,3,1
1314.7595210120364,156.05214972934587,142.05444863297672,72.34318406914804,1,42.47836489039714,0.21206436760771671,1,0.3023867856775391,0,0.15208684865793126,1,0,0
72.75566998397402,5.132822411796079,568.1580277815165,0.23002054949849743,1,42.88541348821101,0.22586567210856578,0,0.8768356731839777,1,0.10966173585183392,0,0,1
7.132920557869133,214.60654215037331,1232.3898745481497,1.566578250836737,1,10.472028643225462,0.6859494857536896,0,10.964487372970213,0,0.03773148479767654,1,0,1
916.3910464381304,354.7963980374422,606.075344347967,18.56566079559455,1,98.06091170519625,0.3989420294800899,1,0.07438980849988613,0,0.19127173578239431,0,0,0
429.43895203752083,178.45061399686352,118.54990234106793,8.103060091190436,1,11.2157696787881,0.21226604472010932,1,0.01203615974634595,0,0.1957518425986309,0,0,0
145.58864563658815,3.6954771607470507,2779.6895658621943,1.2970038385451321,0,5.227131667956499,0.43591771177886457,0,6.022634026324802,1,0.021831789903401812,0,1,1
1204.38073611222,691.7069381275271,408.7464010410933,178.57815245286784,1,87.0861913318453,0.06195740475775647,0,0.37508121212055784,0,0.08472047287720741,0,0,0
383.8686647110816,1433.0270249142493,745.5449020080283,63.84059555067618,1,48.27737869542375,0.30407377385944095,0,0.09223346523611763,0,0.44971377319412514,0,0,0
151.46131774113186,2.942855829870328,1187.4563589792722,2.291481384385605,0,10.701226251022067,0.19348092616023974,0,7.19157341976336,1,0.024968186374546446,1,2,1
176.97107280577268,241.16911733053323,167.8655256953157,1.8060174753711578,1,32.55501972853569,0.04440646097929469,1,0.1393143669020598,0,0.11414500016194863,0,0,0
1177.0582506620467,73.72524851968242,37.98231193843159,64.62146326504904,0,47.91950964649857,0.11349332104558277,0,0.8818557405323905,0,0.20717313808741278,0,0,0
1169.057718501963,151.0496972979572,723.006988758566,43.34141382922075,1,14.437709190527151,0.10324068104587185,0,0.08872692189061197,0,0.09680541857273949,0,0,0
40.07010013699421,24.15247662767217,1280.3718573054953,4.454382213243629,0,12.51819591714561,0.2942781180052513,0,2.372940994227796,1,0.020601761617698694,0,1,1
488.87499135483984,100.42081306351373,138.3307625273551,6.8199441706408965,1,66.21568909232573,0.02862834110516427,1,0.1076990083578044,0,0.23255628575031595,0,0,0
40.221042189822256,101.06158824967306,256.4152893136782,3.551595418216348,0,22.857357688114636,0.5422719063625886,0,8.477677701118207,1,0.014427148115235669,1,2,1
8.236535210827157,25.07732338131116,144.6144973301442,7.145270255060984,0,33.86508893464289,0.2886741093934023,0,2.47258682171455,1,0.01182157444986375,0,0,1
16.551009331958593,5.888933355328814,1151.080741847602,3.1431112144087416,1,28.659328598037035,0.19306927547375333,0,4.886299804347608,1,0.03752102996686971,0,2,1
709.1310530008354,130.89722818511714,229.6762995090268,49.97846305407819,1,65.96778651068773,0.15888241616043772,1,0.3049806508734102,0,0.49963514333006726,0,0,0
473.47803621321,466.67884728233764,154.16274913548634,128.612979809373,1,108.43021264175496,0.22492921213756406,1,0.21105973728857322,0,0.19882005631659644,0,0,0
4.2815083677314725,11.445687228696217,495.926694763326,12.404115227072282,1,25.106338055631632,0.35007367465898176,1,5.052596591180588,1,0.20470645457447087,0,2,1
740.1643918213493,65.07309409705648,154.71374360716797,93.62765007147385,1,72.49950366949624,0.23671136565656845,0,0.11490555445127078,0,0.17333079689138367,0,0,0
2.5273466533873963,6.465192653432116,1170.4357245819294,12.527491207153204,1,1.5987372519659302,0.6999744124131544,0,10.458315839883594,0,0.0029551370601570517,0,0,1
564.4298613017095,61.49541314219758,221.26881985469964,58.78150716471167,1,54.33976489355636,0.1938638704762327,0,0.09177911661648562,0,0.05743320062557051,0,0,0
1764.3488222027963,728.0149850687841,111.70044529563494,159.94732473371218,1,22.364906692251886,0.2707943689562327,0,0.2946446888566833,0,0.24294185141503805,0,0,0
50.50021678328622,28.173243347281304,142.61602794770621,2.3702782460869325,0,74.70173077203314,0.9193384874830606,0,1.5140319149152797,0,0.027225712640654227,0,2,1
1269.7063361504738,87.09417337154214,108.26397925765797,227.71825111766825,1,37.28290864355522,0.06467894789021925,1,0.15531247232102618,0,0.10741940255031772,0,0,0
25.885516286282726,65.16658386059471,1571.5156444658544,2.215426055252297,0,14.475895906246063,0.3736753891261823,0,8.094149613848446,0,0.0367512271655098,0,1,1
1016.084944813128,228.12791614800176,61.37438845121606,60.34926507936311,1,69.08396179500384,0.17898947589851674,0,0.11173566021578941,0,0.3108899015016744,0,0,0
28.03112460106211,16.909521868970693,108.63179353123162,9.687700448155528,0,7.165935412240146,0.7033138545202493,0,3.0401219540548006,0,0.204728176860135,0,0,1
19.592006289963454,30.306371745749615,580.4391345803133,2.7215953764782577,0,13.191526233259628,0.46105694203185776,0,1.936581613213827,1,0.13742294210376016,0,2,1
194.96480123567486,343.1870557142982,259.57173718019516,8.989196367660224,0,1.2579296927334551,0.09037362150580233,0,2.9339623696109576,1,0.007030195129350437,1,3,1
18.448483614389794,37.495740352006194,127.06929363175641,9.820542986119436,1,17.661985570551877,0.7069416868340817,0,3.639051817525057,1,0.009273438190294636,0,1,1
54.52249730437205,15.5419538350994,947.7945733334551,19.25546281658112,0,7.450401517445432,0.11784212942303433,1,6.3803156006700705,1,0.11387114941275968,1,3,1
672.50825982961,332.3724243243821,167.98657577485912,50.15704749636015,1,74.64746760926346,0.1275900852679947,1,0.009392430242119875,0,0.16881650096588763,0,1,0
1495.5714765444327,216.13341168536132,88.89517956382404,4.171981877689724,1,29.320231153588107,0.05882909751252797,1,0.06661342186970434,0,0.30731866188820794,0,0,0
27.809498883522128,21.71797322298167,439.337128684085,7.671385295077927,0,31.865800139265307,0.45841471435463066,1,2.299753470957792,1,0.00821957306865241,0,1,1
1178.2667213756315,776.8047928762967,74.05756957149384,88.56718746990408,1,53.46346528184766,0.20130807887772428,0,0.0747824589347034,0,0.17198520565422826,0,0,0
875.640799034941,915.9626423763218,211.81992202636178,153.69130535632658,1,12.122020291634804,0.11197775501675052,0,0.02957818491397987,0,0.35801352949658977,0,0,0
29.411989189135817,5.457976893243116,398.7479394933201,1.211577479296143,0,5.148918919712419,0.7952187688744093,0,1.73159712356524,1,6.399239958166687e-05,0,3,1
719.1147612779143,83.67591461686513,112.9904448513274,16.57139055578302,1,77.87477822247298,0.2289139800380009,1,0.43188861608397255,0,0.06460692957294734,0,0,0
25.417379568386032,18.61534170614348,1001.116226820282,7.396087985644515,1,39.61245434028554,0.2817310535478887,0,2.212180892791528,0,0.004828758586093952,0,0,1
664.8136728536023,495.0758584213895,68.01217834119005,75.38745441362256,1,98.20542667821152,0.1244787250095815,0,0.10740757312718227,0,0.26461506971999893,0,0,0
5.129250357709356,3.6675549824134372,247.59935553596702,11.947408020787485,0,0.21572283539272186,0.38633955722544794,0,2.0322392730357284,1,0.007618661992705638,1,1,1
1091.6969321767476,286.35506860944554,135.9027354871733,15.825951977955917,1,86.74400419256264,0.07986568120283204,1,0.07784309358193284,0,0.26325101038988014,0,0,0
165.57075865406696,203.61012266003422,473.36971483567515,6.456194797678615,0,10.552479552245192,0.25589189969285725,0,4.205292678608628,0,0.019091558204892157,1,2,1
156.56721950045804,10.935677243954524,277.6453893617392,5.707504324155675,1,12.679838204084296,0.6471083971426108,0,4.502342162045492,1,0.11221337202071473,1,1,1
55.86222443041084,4.102467362304922,1185.3042593491691,17.313352875188155,1,3.5099203589582513,0.4544296533064702,1,3.419044751196714,0,0.03265686125761285,1,1,1
51.472808825193546,3.875568675441957,237.72724114602715,2.6519770504926763,0,9.313058817014602,0.1779985842000125,0,0.31513970193764523,1,0.19519245308673194,1,1,1
593.951600470096,2115.6416517702314,157.82309854480758,19.543114895154947,1,58.50609163203832,0.2128965821011382,0,0.14094945420413144,0,0.22090554953598265,0,0,0
45.736075747774365,7.378865855828929,227.38989632317498,11.792881859244675,0,6.925382914376013,0.47487868594662,0,10.476427051498094,1,0.164306725722611,1,2,1
572.6061522853048,1948.459635845619,36.1687750658623,34.486996219280655,1,69.46698851385698,0.06291559041079406,0,0.23940111315024637,0,0.4443309366285343,0,0,0
1271.627085601721,40.71975095620587,337.50646502489445,23.428357812304878,0,17.111287018581216,0.0027611632761337366,0,0.2234674878228596,0,0.4082477961310007,0,0,0
117.12046390974285,200.75287409763024,80.38209129378212,26.031441378809163,1,72.48647016079254,0.21624414548102633,0,0.08042699031613813,0,0.1402616370771077,0,0,0
1581.9311149069547,949.6743911496333,49.28587758037041,26.069228522216406,1,42.53718575133189,0.3356952168405393,0,0.03599492039195415,0,0.2145017769073227,0,1,0
865.4310326369302,163.33472761708958,157.4660720259257,21.885203920696465,1,0.0,0.1669083563860893,0,0.11025442606326127,0,0.04358309156607348,0,0,0
604.6464930182567,1593.5600893199662,57.7895906151165,25.976310028791964,1,57.84695121383769,0.023331668444497196,1,0.04582209416009672,0,0.23652362025460424,0,0,0
1549.6141488930327,182.3498725951025,22.930737879538707,145.24689126067148,1,21.191895877168626,0.14457514171910107,0,0.6058700508786133,0,0.0899648160362795,0,0,0
1232.7926181567145,175.55631803226856,244.3118004172935,7.8587436317020645,1,92.77401459551265,0.15775891568774644,1,0.014189577382547508,0,0.47599324652992636,0,0,0
1301.792509689301,17.88116497121686,18.626060178274237,52.77373794069263,1,84.83816529732567,0.02328466169533651,1,0.14618265567138133,0,0.1672543923596718,0,0,0
113.9798721733797,199.60416777498145,316.97276939117046,506.32453532469714,1,76.96252289590959,0.0697607804069213,0,0.05646519104331764,0,0.17370854803363922,0,0,0
992.662824707691,36.18508033137088,174.16733608913765,121.41720947163093,1,85.24288804799272,0.1725977657299887,1,0.4895930713901396,0,0.25152721098690395,0,0,0
188.78714768832248,1.2144779047374878,50.0,4.650878433223078,1,28.468972412479474,0.7074201289087272,0,5.462505409923533,1,0.020471299072143272,1,2,1
401.3765861992591,76.98679139062338,71.58363498314995,73.57612848904418,1,0.0,0.042639054910263784,1,0.5539853125138879,0,0.09177295162837264,0,0,0
106.46744092857155,4.403531823591554,698.561579471291,13.768311258011511,0,27.37433588145948,0.3902418477572659,0,6.596822252806705,1,0.06402168548638039,0,2,1
993.9867937430522,158.17468943933477,1150.158658871409,106.46312400562144,1,79.89555069581145,0.17364502909073481,0,0.11284421820338447,0,0.4745923468999831,0,0,0
1.946793483391017,11.482468950930333,185.17363830123267,6.36581677906428,0,26.22245606632508,0.42858818605762006,0,1.416986513634589,0,0.0013744409251753697,0,1,1
19.182359038809963,25.497648878771646,1032.203695555822,0.4011258772176932,0,34.13874557808954,0.8106591101288126,0,4.057205941203199,1,0.036477060259472865,1,2,1
1.7968896587983567,164.02087049776776,445.9505347852802,0.7899018770788786,0,26.54501461816472,0.588878793105752,1,4.002781842299089,1,0.03454488554932485,1,2,1
15.212423910678597,21.908021860228097,466.2807346492498,19.717437473059213,1,1.877970239935731,0.876756677799966,1,3.3891288449461126,1,0.009931005309268385,0,0,1
9.408680905314949,37.33719202984682,500.446750156784,2.5669485283396103,1,59.69491086734977,0.5729781873235815,0,0.702175684243592,1,0.009069115999319687,0,1,1
1306.3006438768223,80.49219849410413,107.93639045730346,36.538726127460464,1,66.5118495278266,0.05518015645205435,1,0.01146085879938639,0,0.13405395480589344,0,0,0
523.236209821311,245.08566833655183,477.2092925993464,52.724974534605565,1,92.81330226124152,0.03784004346318497,1,0.10116393684820783,0,0.42544229202351735,0,0,0
263.5195869854862,6.715599899405593,66.14229603173574,1.3883040223912746,0,5.332691106510768,0.39872837693859037,0,0.9450908185893985,0,0.002694568444977375,0,0,1
31.581537797414533,38.57128418966322,418.5201463780808,0.8813517264395756,1,8.331037385803109,0.6233190317681757,0,2.6190741946034515,0,0.007289598301347671,1,0,1
56.76592438294904,1924.7550726885281,89.04068990055364,227.5587298444007,1,34.54212907693038,0.1426851057346504,0,0.717497519324351,0,0.10863978065103103,0,0,0
29.739228208067853,0.6079161725878487,372.4445828551588,0.37085967418493604,0,8.684182602521654,0.6271657625754815,0,0.9207686083619218,1,0.02333544344073799,1,1,1
7.905714085804686,4.588197982950846,73.97339395409121,2.8204202614359253,1,4.0571974430227655,0.4697060298937159,1,2.5338424093676135,0,0.04502662608570455,0,1,1
40.80568916600039,27.04611566217272,362.5220762227539,34.284196669389345,0,29.240036135731156,0.3937585963856718,0,1.176559772867613,1,0.0318040617877026,1,2,1
17.668516218926918,32.797898342813305,418.2533217661993,11.021799886774343,1,1.6842185972475399,0.5644356721572348,0,6.055341145675561,1,0.007781803609679851,1,1,1
1042.9130698012714,51.25521965701648,395.00132281825006,76.51871694956564,1,35.562248909359965,0.08123714497302192,1,0.05035221517703817,0,0.13393062760073102,0,0,0
100.19665721201144,56.28997397672459,1114.0086519057004,0.6992759116854714,1,2.0124483342871025,0.5016702167760129,0,2.1469159021046114,0,0.057537404577566065,1,3,1
129.43335523333025,104.70456843396755,626.5174491465236,0.2095742249549134,1,15.23068898086176,0.6194835954334219,0,1.729299553739632,0,0.1065931059640524,1,1,1
25.760617752576398,25.719139595246798,322.06320254628497,0.1572791803777868,0,7.891430915057222,0.6660043569321893,0,5.981280307354299,0,0.09155892275253698,0,1,1
30.0,787.1321997110268,30.26004888597984,25.581242445882438,0,99.82848692900171,0.21288963543112274,0,0.006079840439828701,0,0.03781316477703211,0,0,0
8.981616363978258,15.113946186401442,878.263453575063,12.415076996625812,0,11.07722142366552,0.48288124572750796,1,7.451352715592725,0,0.017954410461636816,0,2,1
3.4904441453575688,5.798558815609527,144.2770775867319,5.665284774889228,1,0.8190743763343248,0.49881933743700435,0,0.9892241828365504,0,0.043525563477137846,0,0,1
33.11490066354322,27.4034836321586,330.6973486124867,0.8991212334203751,0,15.375415264129321,0.5281354554090485,0,5.081706062682383,1,0.0010933786824110228,0,4,1
751.3383186511822,176.618270463228,19.676221515416014,60.77422142404267,0,26.564097191306693,0.10820121490731248,1,0.12760085192992454,1,0.06940177163319163,0,0,0
420.55869958550056,327.0043344512822,20.089011572446594,124.69898676726531,1,141.58586350453245,0.18834155385318035,0,0.06968071848825796,0,0.08698976973097297,0,0,0
29.82765435697105,14.46671608311469,408.88273990262223,12.407895177462601,0,19.810387756509034,0.6257447280678267,0,6.87243639473862,0,0.028490381190536176,0,0,1
406.5714607858813,253.9919834564476,88.57101715928509,1036.06199882433,1,90.44164155077347,0.05256158911767019,0,0.1181769727814578,0,0.05823609021295395,0,0,0
998.8950409709261,71.8618702168126,185.99196969625638,45.389828144588776,1,81.03821430950028,0.18905511982666454,1,0.01900573220326194,0,0.04930055024678468,0,0,0
20.333322995286192,106.64443985679665,5592.809970256814,5.426503140034329,0,10.83260415149139,0.4030407277898913,1,3.0092493307445656,0,0.07290411377089395,1,0,1
1132.5401047501532,670.6612696201202,106.57374640051158,59.59445030232512,1,51.69590983159093,0.049960370141388835,0,0.26462821519867796,0,0.2391981144290029,0,0,0
1117.4421357318238,94.29994947506579,149.5822315529328,45.36375299525138,1,69.29350271907651,0.25592412143902893,1,0.013436587677294567,0,0.10842067341309448,0,0,0
0.3125314759172414,19.031406668709234,208.8911432142092,15.463082625498185,0,23.634997812505052,0.8213518446677086,0,6.8022689331725505,1,0.011949244651720165,0,3,1
664.2375962750255,346.0903958448123,63.58712068496422,105.08612529935428,1,73.82999866611038,0.18699706985010034,1,0.23542229010720933,0,0.013829982981705785,0,0,0
1016.4390100685841,1267.306658727175,73.50130149701646,86.57882002273192,1,50.15205028330047,0.11584447421535332,0,0.19217030958703235,0,0.1691978063486486,0,0,0
94.97186166971537,6.54299367141655,225.49589149229766,12.716300725367631,0,5.056241390945492,0.8126749862141477,1,16.077653385108018,1,0.02546409236023338,1,3,1
1074.3879470231475,191.54402900580973,336.40177851952257,40.73257457078331,1,109.12146346686265,0.2589201031411216,0,0.10279404902617205,0,0.15737511042695615,0,0,0
311.69264028534906,167.42956485570863,295.1063645625765,7.616467045063164,1,85.1071960163037,0.07590626451101215,0,0.014629429982862256,0,0.1397301211822002,0,0,0
195.83949256081084,11.857083009379968,182.79042785512627,8.861797276575217,0,35.98889617512353,0.23851288466408646,0,5.492211385680466,0,0.30852952289706026,0,2,1
1265.3873455693224,2341.647115496598,288.0411152478527,55.2848957215398,1,78.05854668687454,0.18313253123876533,0,0.3419822253089794,0,0.25374102683721744,0,0,0
1320.154068728698,187.57085383010994,13.165563243251047,26.66041392372959,1,65.39279972521041,0.0681162693501472,0,0.026260263073361732,0,0.10847614989475979,0,0,0
13.863631562224354,27.98923868407264,62.17164514531199,7.4120790936764145,1,21.507502393824662,0.29873843446738396,0,4.924605081535793,0,0.0034152857264227714,1,1,1
3.779828059650531,96.37312613982805,75.04996044970598,20.50600532889545,1,6.547028396465683,0.7847765441038502,0,1.204440908184791,1,0.01005323369241218,1,1,1
37.3420766289021,102.15896310961068,451.9560689038326,3.839529071893568,0,29.507720108855906,0.9366135544281501,1,3.516585843884573,1,0.03855023797876452,0,0,1
447.2604723199696,192.2265096755601,56.13272883744415,13.690339600951631,1,96.68103521660385,0.09239233403448371,1,0.09241078285655499,0,0.49504334958886986,0,0,0
26.348250942428184,61.441221096830915,215.32441269842832,0.9170325627952558,0,1.6249465607581874,0.5627683856584038,0,2.2963689518230708,1,0.005504311876170165,0,0,1
30.0,1146.8763793280598,76.36151797140323,9.532712432976629,1,84.15319953113884,0.12195027369603144,1,0.07703636893847216,0,0.43191875735611274,0,0,0
34.104500456854616,9.696671870195958,289.1638866766154,8.586020699188072,1,0.3528522443858739,0.5141077384700362,0,0.5839853597791073,1,0.02056700255383669,0,1,1
22.097239090459286,154.26924233647225,2552.3108093822275,4.972807542490738,1,8.077038713929314,0.5835163596688288,0,3.0856756644285532,0,0.08036163080213311,0,0,1
201.88256384958922,13.432432512804244,393.16493445476107,4.378873697407667,0,9.321040204546904,0.46247232384255055,0,4.550927290727842,1,0.15759343837124729,0,0,1
48.36947097119217,182.43367435194,692.6409195305082,3.1663290343302544,0,7.2472615893613535,0.45134268946372397,1,1.7976653610700062,1,0.04592848257961569,0,0,1
89.59602260704403,2.4501586174386394,236.01373787700638,2.794950261424552,1,29.811066394247284,0.7702426002131632,0,9.787587378812095,1,0.07055761616641837,1,2,1
134.32226639334598,44.2590575867413,380.46265766328,8.4693349191636,1,8.142095576857518,0.559535401226368,0,6.849727935960188,0,0.015602702972030065,1,1,1
29.515549887305767,17.364964406494675,53.20611007776982,0.7636319409998906,0,3.74556002453562,0.34565279116475933,0,7.791702945088936,1,0.02798032671575836,1,2,1
28.341537365887724,75.79757722060764,368.01390666564265,4.663079518901672,0,5.595679089557109,0.4762600441960709,0,3.4373249517126285,0,0.05045241890741456,0,1,1
15.616858710945532,17.353751903371847,604.4315697644051,2.5589928716417325,1,27.037324302028722,0.214481475955747,0,1.509954914607234,1,0.00752536279246644,0,2,1
622.336390590492,270.63666560174477,175.5220654411319,67.87422354303571,1,69.03861654490294,0.26180626454236916,1,0.18434068802056017,0,0.05148479266474397,0,0,0
11.758120993684573,8.627914203603476,1069.0616814064929,2.902650906671985,1,29.791449404676698,0.47843534243223945,0,3.5972355452454616,1,0.1336699204442637,1,1,1
344.784657792761,65.89162655488033,226.35116578265593,137.64087635216066,1,42.833824375720134,0.2772829508043686,0,0.20068192466259654,0,0.0991355437774702,0,0,0
822.7352589655989,116.32649842861261,227.2491654292115,90.83223677698861,1,5.825850854103102,0.2519013947408895,1,0.12206261750449945,0,0.2957851411860604,0,0,0
47.07512379666603,207.77486548360355,316.53943658353546,7.004625515678314,1,9.607322415161743,0.5076242144138337,0,1.8279372058110095,1,0.04625778603552296,1,4,1
473.37832472058994,1050.5065913084973,205.14716974346078,56.03360385792858,1,95.73089873508658,0.035233159514490464,0,0.53412551357317,0,0.16899597904129576,0,0,0
10.892395420629907,229.67333687871943,508.84517154813165,5.665620568147234,0,1.698182516718036,0.4698755582787552,0,0.9543314822478621,1,0.005954419148740772,0,2,1
83.16247691607494,11.813893200687653,573.1480022804392,21.43798792268531,0,0.6710451430539512,0.5946053728074997,0,1.316369813428293,0,0.04315984234479837,1,1,1
99.1614893012284,5.096031837162109,834.4151642212939,2.031699662457607,1,17.88304780080158,0.8159273146671099,0,3.8019050322454584,1,0.01038199763446416,1,0,1
1135.7692612725696,106.46247786070634,267.96130720108084,31.819375550543416,1,76.97928956043533,0.01496480463866597,1,0.22518556750249782,0,0.15973094700422624,0,0,0
1579.5937876202183,40.61078095477597,34.80261486401487,154.7622720831997,1,96.84255461654465,0.04680681945209534,1,0.16772421180833783,0,0.07528994920787334,0,0,0
18.205521291602473,22.810308461223407,389.6063014982945,6.520904979174882,0,0.6653071599832673,0.4972344853824989,0,3.845298284158094,1,0.008779165418827723,1,2,1
14.945504700199375,12.791137752021797,317.82976774301045,8.661489984795114,0,28.44161053600359,0.46191633496411094,0,8.145385538467448,0,0.024856325833548545,1,2,1
324.93689908369663,5.454107315925866,106.5296811916842,2.5260571911741696,0,51.83582354239462,0.44723787910167484,1,2.0322845389834026,1,0.021619657738452248,0,3,1
7.7279510253160515,5.877178741206177,924.0769802780651,4.562807753092933,0,17.22991945462734,0.7063214216459672,1,2.9773107199335245,0,0.013384504679289625,0,1,1
539.2209832285763,341.9406354966697,132.63331460456587,30.680639491248506,1,100.22818943352362,0.09139212767595185,0,0.15457873250525808,0,0.05487243191535238,0,0,0
2110.207506123701,48.08754647994397,84.54207684922439,375.7482239274854,1,85.65179951031371,0.07561918855525987,1,0.30674770126557205,0,0.010872642098069794,0,0,0
56.49466663332069,28.997684868589086,3721.9101221634264,4.706802496683473,1,9.060165949215332,0.13866431582709218,0,1.702856161067686,1,0.0016603838385716866,0,1,1
1875.50628006315,279.1019997437416,186.61311600234896,93.94026728650377,1,48.0686197194244,0.1280293080646936,0,0.018599951478547695,0,0.553646045644835,0,1,0
13.676007345994195,3.4438584578441547,1800.7633905208918,2.9111238167705364,0,39.314806766110344,0.47938289391267186,0,1.7129524581302071,0,0.03821220205784645,0,0,1
262.156838331039,627.543407510994,415.5373588018616,116.64414486566797,1,94.85505535303263,0.01832064891466982,0,0.018870863806715446,0,0.2381980910546984,0,0,0
678.7321440539081,176.94055784673833,131.37859509968905,78.91514020544038,1,117.6839256638358,0.09654713122982772,1,0.24613238141569913,0,0.40214890073535514,0,0,0
1280.0665426879268,614.1182174274111,157.068138920755,36.65912136029139,1,81.88241757028129,0.18236078984105286,0,0.052700261674274274,0,0.26118521965567815,0,0,0
1123.0361007410402,1250.2073797736302,235.87378599321292,31.9008604694663,0,28.185080692019888,0.3449992258137922,1,0.25104500564721083,0,0.2459097830415117,0,1,0
128.29587270873066,209.18238934147206,302.9267250126031,7.2522480564937055,1,4.450957239588841,0.35031530223460516,0,4.904118185408969,1,0.0258683088768409,0,2,1
821.6810511709548,52.67762808144869,329.1481548638738,27.840612423417387,1,122.18519464911672,0.003681473033059718,0,0.03291080862222449,0,0.12718915947553247,0,0,0
1253.4248204495254,831.1850319725281,81.99039155301891,233.27830364233185,0,6.087596845305626,0.42990454169861997,0,0.012323831924023983,0,0.10507330880500833,0,0,0
373.55074464802544,2899.6862040759984,181.0866331340409,25.450424910446383,1,95.3184931306902,0.22652241372565143,0,0.030408135429348015,0,0.24297475755421372,0,1,0
152.99122267907035,995.2173119060994,217.2569713014241,5.05725016272182,0,2.4431445733671993,0.5020213895164523,0,3.336358587272757,0,0.10306248794052428,1,1,1
1078.4355295747546,1412.9212378729765,263.47882872005255,12.04157369029285,1,61.56303983372133,0.04494496789330626,0,0.149624926865966,0,0.4554156147976407,0,0,0
54.559511247926714,5.5057835221832185,1037.337181688287,11.781206095025716,0,1.7586547501715104,0.4484023791047052,0,3.45555260552666,0,0.06674797765042455,0,2,1
1127.2101691071814,59.95738671741756,158.21499420922652,53.21247469189823,1,116.41686671136216,0.033802334885568136,1,0.2262185311209572,0,0.3360943968593284,0,0,0
1319.2446018681726,368.3191027989902,89.68026914102902,19.928950367253098,1,46.07777301209271,0.035064682148386074,0,0.032498253261424276,0,0.06774159443088243,0,0,0
30.638415950607076,8.304850315111674,209.38002685722245,0.03272803967403006,0,13.421293138263186,0.6004889065922859,0,4.790275494489276,0,0.039357004631346795,0,1,1
756.8756332221541,635.1865298158413,40.22307254586297,167.83324332421543,1,98.34328440235333,0.15591190885843037,1,0.241690669328604,0,0.14219623787856636,0,0,0
244.85017670261985,63.23402383061788,621.7453164279906,4.341915350522369,1,69.30968875579411,0.38794677207835404,0,6.827275662136524,0,0.1269363353627399,0,0,1
567.2451463556529,2873.3158156659633,467.25211257974576,117.5483138143442,1,74.06748990775844,0.08058891213551618,1,0.06351653219996915,0,0.09737563017341151,0,0,0
92.7050238392384,6.167886339086358,676.4894082260822,0.5004776934693405,0,27.738069900841197,0.34883435743309793,0,3.9097058085278436,0,0.04470818949973661,1,2,1
24.230884745638008,5.790881618733608,1917.021099556493,4.2980252195213575,1,6.202814850764773,0.5534249980465191,0,4.7511880417911065,0,0.014150730152850989,1,2,1
251.7638359626195,385.5269593996885,89.3855699712363,27.726247380766818,1,42.12079043314446,0.3144880918407358,1,0.4878237248996061,0,0.09529472140209817,0,0,0
1217.575473407202,472.71212247024846,244.9942848831791,17.296354753668833,1,116.55938484567167,0.28978339568995354,1,0.19417149359470495,0,0.1370526287111615,0,0,0
35.48361345406512,12.591406063218898,201.0900204140019,2.2999441399257394,0,0.6945903944127322,0.6025099113854679,0,0.5487135579779929,1,0.06403398474174118,1,1,1
620.2138569752552,1169.4374279804902,275.8721005478599,184.958589725797,1,63.13281499173349,0.19628309615151907,0,0.12901109039976622,0,0.08291793366928377,0,0,0
487.75939215438024,490.5235896767297,199.24845662781425,227.26274822584534,1,73.25237633433125,0.12752365477656025,1,0.0900585509720441,0,0.1554967489578358,0,0,0
0.11032835032139085,10.07336607053839,393.8374285837073,8.13043707272535,1,14.381144542337111,0.4520355008907509,0,10.840931921733034,0,0.024043654457247553,0,0,1
517.2323612851435,40.09329938311991,52.15792319032884,75.82042575940774,1,74.15908175801549,0.0634932754809243,0,0.02611727308813782,0,0.19394813229900798,0,0,0
866.0098720077975,24.785120769101518,128.71673195003615,34.388424612215886,1,18.536037471818652,0.05677431627212357,1,0.03570928527376881,0,0.14453760817049283,0,1,0
13.975818988290136,1.991228126627211,252.89492972051497,1.396399322550653,1,18.331899080669476,0.7652557572651261,1,1.9552368325812888,1,0.000992618824870549,0,1,1
20.0945065193541,2.8686497619293183,560.5403164058931,4.996947072864627,0,19.540161867149937,0.37521408845789,0,1.3697519726156693,0,0.010130878124497868,0,3,1
155.23309359649647,115.66592179176247,50.0,16.254380165585825,1,65.95988431104033,0.5976665426850554,0,1.3457082622712857,0,0.0647078013457502,0,1,1
115.62890066337468,4.269924190148135,225.3942280389654,4.17276953422137,0,20.06240463021039,0.4934025234818276,1,7.554936058235663,1,0.03661601838107444,0,3,1
1463.6206034840166,418.0439527229061,68.65931524859506,44.35260566578648,1,143.65779487281316,0.05136290828802905,1,0.174032406137717,0,0.20930710198922164,0,0,0
1365.7865064371222,270.51979986557154,49.32394543935163,58.10357607576771,1,89.24652247601855,0.054945599914329256,0,0.052147336113173626,0,0.08405522614128842,0,0,0
1348.907704205274,373.3220179740075,197.36068141931148,522.0821081489078,1,51.89936208089232,0.11579230722499054,1,0.18162235810901964,0,0.1533913038110347,0,0,0
945.2448908139371,26.20069182909265,140.47806762692963,10.310659359641036,1,75.01378868945196,0.14513043544873655,1,0.012861940326943893,0,0.07888791069282577,0,0,0
732.7719138220616,186.69611861803168,22.516449300780884,208.71507541735244,1,12.439296392694452,0.14615382674311184,1,0.0362017771762473,0,0.1879912313503584,0,1,0
202.80895889794775,0.5758651108336145,50.0,6.293792329990362,0,2.719918029542388,0.40562632480363003,0,7.316989438654661,1,0.043448897598283916,0,1,1
1323.2919929217019,420.7851290669237,68.06927825854063,99.94716023981462,1,58.786226249349355,0.01147497531589173,0,0.22172091846855793,0,0.1557179644065525,0,0,0
1328.3969912832633,319.8161892254366,159.68561059369492,32.149009115473504,1,88.89848336562808,0.05546581946060569,1,0.07646056589338661,0,0.25398183481236575,0,0,0
81.78132272615217,35.023753911951445,114.0463490901355,5.923072301874966,0,5.179892791411549,0.38116706930299094,0,2.1290687561940196,0,0.015027287108677402,0,1,1
807.5688182273698,144.20228836623664,117.26672790347294,4.399723392574613,1,103.71579439057233,0.11870254764895587,0,0.09181590884418374,0,0.32768193026185916,0,0,0
74.94768222264696,1.9686100225629408,50.0,4.160600931544778,0,5.910307396362496,0.32101481768066403,0,11.11041208614045,1,0.00041806318881679264,0,1,1
333.3563929982597,339.2861007037474,387.40700813564405,24.09520365251276,1,27.301632754821405,0.13404444591830394,1,0.033448590217127115,0,0.1363791923937041,0,0,0
277.7641061994623,12.922286362651924,53.27282623625871,169.04940766911292,1,90.20823587638179,0.17574160193186197,0,0.08073527761731225,0,0.4029134590556297,0,0,0
370.7319590107953,214.5037150861101,48.54709386110131,89.72627931682094,1,87.3744883683159,0.19971441553326363,0,0.09469728578886462,0,0.15852719915902955,0,0,0
58.56511419209767,32.12533017540815,270.2828669550646,91.94401574284275,1,104.0897048508142,0.10640486808509797,0,0.01668321424923023,0,0.14956198651329014,0,0,0
1084.1783063503292,30.933629057087316,34.68659842479634,41.68496274426997,0,60.664691532403786,0.20296049473329367,1,0.13606408552784202,0,0.4310715853657924,0,0,0
1117.2118217729287,240.71745259982117,47.275839738234,18.944680882129827,1,103.33561055214474,0.05193214726619567,0,0.014301254991214823,0,0.056791703038569445,0,0,0
30.0,113.98440722111947,72.20787440085556,49.48103387341303,1,13.752257492415573,0.1237600713924549,1,0.022239443802239373,0,0.1447692334395306,0,0,0
1191.3276209938535,266.10833417232925,600.6493633572429,18.578988775419703,1,45.785322408515505,0.052806750336380874,1,0.10545744406344261,0,0.2798651800259024,0,0,0
30.68681083522557,24.251542195707895,1366.079799850632,2.8840885890523955,0,14.163348964674423,0.6957733232556644,1,1.6054358940817293,0,0.020758188793719417,0,1,1
65.31898792081398,5.590743227294748,288.13864912715684,10.224646169643282,0,2.940727933577834,0.4519787101559231,0,1.8741357807253665,1,0.007632830085755177,0,1,1
1708.1048408256038,346.27421440242557,361.79590697430956,20.258415742162803,1,91.853552322892,0.23240542513074425,0,0.24826316529961157,0,0.018958944768759884,0,0,0
104.81413612256809,6.973496489575577,523.5103874915804,3.419792728106451,1,4.020481218711658,0.20260507743697834,0,7.109243912051399,0,0.007006739303665661,0,1,1
848.2558659670195,31.664892177665344,140.18917642102275,74.78383568807928,1,31.352583915636526,0.0884386824494931,0,0.021863734662980878,0,0.09148119156179842,0,0,0
903.1695311811342,121.03719534624466,67.978258209608,24.503315322186776,1,52.028205904653,0.22921772630785905,1,0.06404921265871381,0,0.16522613403308856,0,0,0
502.9318549872881,522.3708522260724,33.223889664110686,45.56172919370277,1,15.135206329496711,0.08591232912280469,1,0.13814172788650883,0,0.20871368885927835,0,0,0
6.399577370941723,22.632328918900264,189.30417273260224,10.48207233603723,1,10.985538665048603,0.6586276907370033,0,2.7452992173408344,1,0.003388350200839989,0,0,1
107.92650372490921,8.550173665188815,537.9337825175495,3.4095442410934327,0,38.945562659726065,0.4530775074133289,1,1.8462559932097795,0,0.08439771392445068,0,0,1
6.903743910718034,137.1616248920287,551.1452366569009,3.854297762788717,0,11.397343060030714,0.8572817328195852,0,1.4461586590624296,1,0.025251195745161974,0,0,1
87.78167652997384,7.800137896986996,1065.4205027225453,0.40807058171450283,0,40.62620637999886,0.6132206238073835,0,2.0852665333844644,1,0.09749190891867342,1,1,1
56.33278302098506,90.73597753631475,149.32308837128997,33.34624300582684,1,104.36682462813667,0.17041170242346515,1,0.04734915277643957,0,0.22571201957353118,0,0,0
176.4437637884564,95.68871771044961,238.981582139796,23.5764108591097,1,29.998825867789957,0.036647891958890226,1,0.1212680343355852,0,0.20287460000050858,1,0,0
40.1237554600957,111.75169768716154,2940.1667231028364,0.7048751781809658,1,4.570219340929129,0.6679026361498728,1,12.077066615577388,0,0.0014303972252116015,1,1,1
3.34426145873885,5.8355315717906775,1209.2163825238745,18.16520946280767,0,11.90993345488426,0.5577523516128735,0,2.8230473953260344,0,0.022917515848853445,0,1,1
4.800711506615001,446.59125582052405,872.5155938728138,2.989788913346845,1,6.471202161266296,0.5984328452734611,0,6.625572655828836,0,0.0015104744035972784,0,2,1
6.9602016262799244,14.793590868415665,1763.5005247380352,1.9745354935210595,0,22.345090009628297,0.5209094574953657,0,0.601011945389025,0,0.030669847278849572,0,1,1
58.651525163027806,19.225576184001117,370.3259490025095,6.08365107247019,0,17.178386295752553,0.14666448644445476,0,6.254009283546392,0,0.0020521152668620726,0,1,1
871.6084028036543,279.35262445795024,72.84961787716765,74.0259013224674,1,77.20084064788566,0.16114027929713703,1,0.1540720148060535,1,0.07851590597391199,0,0,0
22.14200711659277,18.68986638389087,837.3287473057692,38.623408501989864,1,52.12475318831171,0.8341617852061394,0,7.541679710159469,1,0.012477207952819095,0,0,1
467.0844421533784,1048.4022359760893,488.6851580489951,68.90402244841931,1,30.78020965299744,0.0659275445168592,1,0.22253883235183583,0,0.3219572238801409,0,0,0
290.593469788186,54.97909078290757,204.66991549813437,13.170451468852026,1,34.68675099207063,0.19634817511949695,1,0.057659125953149946,0,0.34022057126350147,0,0,0
30.0,606.3745087093448,102.0897415157314,87.52543248057962,1,5.775998827951476,0.030194929486116056,0,0.1324945765984094,0,0.3588478122462998,0,0,0
671.1502845215872,416.78697971338545,160.22535032449014,29.643716172053235,1,65.7964252581428,0.043629380417435214,0,0.24717109639482965,0,0.12669222302958938,0,1,0
560.8677799224116,134.16981952662144,117.44112018308746,185.09239118499605,1,32.151240541529475,0.004685962725186182,1,0.06443975210789908,0,0.29688272993171977,0,0,0
685.8360889184464,430.6792235416817,59.10304250755984,16.986065473307377,1,50.71239620900109,0.03452782593387676,1,0.060509043657771,0,0.14479101885286277,0,0,0
17.09302666071621,64.17284719768283,570.4807541266716,2.7802547134090516,0,36.70043964324331,0.2626268289993826,0,2.7102837316459767,0,0.023457205110603487,1,1,1
1964.623556014149,286.3656215102721,108.28621623114248,9.805425191947043,1,68.92787153537155,0.11011480688486584,0,0.09775227721254863,0,0.354162770937557,0,0,0
723.9332247558852,129.00577662557984,184.77904563437454,93.80084204847638,1,43.811751562001106,0.04740768584747595,1,0.02989953208962891,1,0.19492886900417744,0,0,0
988.2866792268555,60.673351671108186,166.07250615420253,51.56910947216583,1,49.28292723599583,0.03159139068804746,0,0.14809816897596395,0,0.08927034162402046,0,0,0
123.18917779641178,98.08770807473336,1996.6801574630908,3.394869797821872,1,4.892094978480145,0.40908443631536395,0,1.2978869675055256,1,0.04884730730856267,0,2,1
17.244551931329315,6.201924629168214,182.3567281225284,5.369845999575727,1,13.39834089346686,0.5928616500373084,0,2.808191265608517,1,0.028282712692315474,0,2,1
39.44671675099184,26.535416254839173,193.59035283894337,4.797199110522717,1,0.43260285471467025,0.4731646617059011,0,7.943763987347369,1,0.09484961739349726,1,1,1
705.095098422116,418.79287253313186,27.04788969365796,6.745817969045583,1,68.22919801030828,0.24833114378889856,1,0.09967990001224498,0,0.36392970403274466,0,0,0
656.8460454633346,2859.799455886486,161.11232026345272,21.772344270891924,1,38.173912162972414,0.262117514887324,1,0.07321832979434173,0,0.3506241339921349,0,0,0
40.025365289195484,9.72310154720814,442.9820650199075,3.0272315901563918,1,19.60300083622777,0.4370662561401833,1,2.432373968657514,1,0.051095226620424004,1,0,1
92.88639876470351,1.8031984904784206,2529.7834812613128,1.6871609441383604,0,62.33148378885153,0.4177377906012278,0,3.954766156681365,1,0.010088750050203793,0,2,1
1126.982789654348,303.8203982633646,79.39997114546594,27.958870474307737,1,79.26517288271748,0.07875421878434352,1,0.20408830955154889,0,0.11724564186375558,0,0,0
116.46497043696797,49.1842566175424,190.61529971248117,4.783308407721868,0,1.464742544734772,0.6805537062049782,0,0.8758488345444415,1,0.06353454602229652,1,1,1
1245.242677033884,372.12162399928684,123.8020913266381,5.98206100000084,1,20.158564556367004,0.24953441129824058,1,0.1574646711461718,0,0.06741235541209635,0,0,0
50.928186644447415,13.427743185759223,565.7044262680428,7.855238015444942,0,16.67598384305147,0.21879432787957312,0,4.110377280243919,1,0.007698230193263758,0,2,1
76.25375572679653,412.23160926296373,257.6181905285186,8.135125231237645,1,7.33794133478372,0.4129363849893042,0,2.9948392317773482,1,0.008243960445491914,0,0,1
933.2729079296024,1371.365321881879,68.58670768842238,47.892941456099024,1,75.47777217128099,0.20235129876953944,1,0.08018326763218347,0,0.49198543849755766,0,0,0
227.8912493555159,74.81810237516353,699.0210243609046,11.331462651153052,1,3.0793591167374954,0.15245745289047846,0,7.9885401155544375,0,0.0007456996007154448,1,2,1
3.5396055415549093,11.995739386428683,1586.6727568137974,5.788680646454057,1,7.132892874481923,0.5518520348338309,0,0.8000979251099363,1,0.04449340107277758,0,0,1
34.216584726738134,40.300922540215105,5107.705521213781,0.4381325765990332,0,3.61152853220117,0.7583738583208532,0,4.486412604777871,1,0.12395653913140198,1,0,1
818.2785507377437,256.38900663319646,39.3361701967026,510.5904889196183,1,73.30081546670147,0.3183572823835028,1,0.16145646127960736,0,0.4588123170388197,0,0,0
27.848189350970046,8.334211903485627,150.7734114119251,3.8963248262858636,0,83.2510888189866,0.412312089171613,0,6.88416588916155,0,0.1882945900407634,0,0,1
164.59685274867104,341.6450975349102,168.94568381195364,10.123819059192417,1,70.05517663627273,0.14023873490398833,0,0.4345879304247366,0,0.17754383818616962,0,0,0
20.439779205810787,9.328510115261519,100.05708306511738,1.0626394193420112,0,32.1016186023804,0.46999135667921277,0,4.26944494362709,0,0.07315854107690839,1,2,1
212.55209581500912,544.5104871483533,161.7182361936086,13.434355037727443,1,19.694226330721534,0.42196484863605244,0,0.19056523048096227,0,0.26443615172936424,0,0,0
288.8128437300485,1537.8408539268937,32.24398607423372,5.171019382337544,1,85.39977941615527,0.12418890161313041,1,0.028499211037594493,0,0.04665760326354804,0,0,0
1370.282358195607,115.22594688481541,111.95339120341121,28.48524342994312,1,69.07506745372177,0.36636782006986296,0,0.033760637787170505,0,0.16068394196973187,0,0,0
54.50751689597697,45.57757662270046,2129.5451620445706,2.8160646132340856,0,3.1314043988918048,0.5098011751010053,0,4.937858815993209,1,0.054294860805606866,1,1,1
148.74827197955153,456.50182051685607,18.91022725097065,27.711031386216014,1,105.85138925034326,0.16073647643190767,0,0.07971596116647034,0,0.2684181145697488,0,0,0
1221.6633973445223,808.2259520706629,196.78700620262177,62.440941137369876,1,90.20806313158744,0.15323498149022022,1,0.45831365741992347,0,0.19050289463380016,0,0,0
43.67080398422078,6.453558367332323,218.85730368800566,2.958902206153671,0,7.367433210852422,0.8146468492414553,0,10.071834367110439,1,0.01603120248530884,0,2,1
1174.2139604148997,149.29148928161038,58.311374081539434,16.91973015439957,1,33.36973392331382,0.028618351920325608,1,0.02976449810327692,0,0.15203378085101737,0,0,0
1166.1545927766742,149.31139333785424,217.66809165906588,115.18997002977464,1,0.0,0.042231037822086426,1,0.1391265622151945,0,0.100371705674472,0,0,0
137.6783066709765,13.039779717177188,357.62003210541457,2.22701000115699,1,34.78136127694284,0.7709219098560922,1,6.216463372681463,0,0.054211183697332896,1,1,1
980.0952966585377,1431.4131896726828,34.683300847554975,12.174022406282056,1,78.41707063433634,0.11765321855790555,1,0.0706700672953191,0,0.25381453174057356,0,0,0
45.16464778575522,15.230337431757086,539.2258492339888,4.9080801902558955,0,21.771200410941063,0.36372920185438956,0,13.243381879771999,0,0.014548600675422133,0,1,1
14.419433600637367,4.83808142675151,1485.975553388946,1.9785923644647252,0,3.5263537230427167,0.3463683839883955,0,1.7601372079423934,1,0.02068747580406991,0,1,1
732.5574850071125,239.5889168361353,131.3585661690398,13.557342945231252,1,55.83400226899562,0.18798192849432113,0,0.09602555469383937,0,0.12727666281484765,0,0,0
2.319132950129982,212.53441425584734,360.40483685977534,1.3317239938345768,1,20.3076241467764,0.7376091682785663,0,1.927020521211988,1,0.07809694920723227,0,2,1
19.46815418438155,81.72410804791325,160.6941151844695,3.755766965793299,0,4.223581075370684,0.39906948768662764,1,4.684406336114334,1,0.04400238924407254,0,2,1
36.65361978516022,12.24220803043338,57.11298253714437,5.3961762804977615,1,7.63219415377616,0.6230881252052337,0,4.366024083643513,0,0.033570693619495114,1,0,1
22.82869026974706,9.198124026378201,143.946628589218,7.543439342227928,0,1.9869053451428607,0.26888189664747597,0,3.8031601231374017,1,0.11287886720614872,0,3,1
12.06995411449177,1.8025440937883557,1293.3554882976227,18.34205699582179,0,15.817386290541132,0.8124728237553412,0,4.331026298830285,1,0.006156734665690727,1,1,1
72.52883501458345,331.3747001446631,61.93487830767693,8.404356472731278,0,27.432746041996,0.4686640244002702,0,2.9343129553343643,1,0.17810539614035859,1,3,1
30.0,149.18628401572687,276.72513906118814,78.13993804869102,1,41.645478746013495,0.20726216215281112,0,0.03308614914274697,0,0.10704163049981462,0,0,0
30.123968748324753,12.914847508519353,1016.6126882005342,14.242112206464569,0,3.5778721469268713,0.4126610768137909,0,5.163334239188501,0,0.0013784906319356544,1,0,1
1137.348544231601,312.10200013861714,62.51359760227977,13.662878248040954,1,0.0,0.0765031385144748,1,0.3935809012989051,0,0.11137944287419607,0,0,0
8.598001574742115,168.18932576847578,559.4411911612882,0.5834416878873394,0,13.38437243625514,0.5455026673321386,1,2.6190087985927675,1,0.017737483759119457,0,0,1
891.5994212478556,32.371655806694385,753.9351088874268,46.69620412527789,1,67.7693972186695,0.10712402308981142,1,0.006578850516738644,0,0.22706426490567042,0,0,0
474.23140540711603,535.8712140668579,108.51447761135056,130.07444879258242,1,109.73765783244244,0.18584319218289264,0,0.08658341397243112,0,0.21506479080314922,0,0,0
1898.648265373997,46.91488493474426,320.63613788947515,22.748671478018423,1,118.68081793859938,0.5861848523658388,0,0.12475729263920621,0,0.08328748934122183,0,0,0
44.48460839918996,6.097395924719168,1117.909644946676,1.7859684804720055,0,9.047171974934102,0.3942730167764529,0,1.6970823331248464,1,0.046305734543237546,0,1,1
261.1114275832761,9.154983247757874,290.427037835429,4.924656958982624,0,5.189381453585231,0.30822479941307673,1,1.2182130188227958,1,0.10616039605417481,0,1,1
12.732097715771593,76.9232939855955,490.9532768305714,3.2706904707262034,1,8.963877057847828,0.32978095394973783,0,2.121685383837778,0,0.012906458643325716,1,3,1
124.5982133346086,237.29765957997986,2230.2713348804173,3.395052818632295,1,10.594161584055584,0.4456261609805037,0,2.8726274127309037,1,0.16206848213687577,1,0,1
161.5710915771341,87.26528899009006,126.81969205885176,22.588242268348434,1,73.13401173583576,0.12826935413821733,1,0.38688887263868516,0,0.21120273909278897,0,1,0
971.2128680352827,667.1196903219502,73.78234302623201,13.861011615938619,1,44.20886249662049,0.08732751256455859,1,0.37718488476546375,0,0.20916437412417666,0,0,0
486.8852668180237,15.126786730747996,396.19833505829394,36.267468678612076,1,61.41177419441417,0.0062956181065305485,1,0.38962443787901047,0,0.2365408121010438,0,0,0
1647.470655617198,302.7402985713901,117.82133778674113,140.90948550830828,1,56.64407391019102,0.08041265794509654,0,0.11174752756612966,0,0.16092383074829458,0,0,0
22.4303688672158,20.661138482663258,1407.066407264195,7.067037060851141,0,6.6406576564676225,0.4247946205059753,0,3.0357663269597572,1,0.011532339364322193,0,3,1
83.52518791148007,9.4130678855542,1384.6676231275899,4.258777699145563,1,2.072470014986296,0.4852302687316243,0,5.932894375741119,1,0.015451890142434553,0,2,1
714.042709339355,86.9400193935952,48.42090319482777,18.44919442169822,1,0.0,0.052396857143473224,1,0.43549682469088885,0,0.12918519405449408,0,1,0
76.2934902382803,21.709175198717887,140.21023866338112,4.842120394858669,1,15.763971455135923,0.8973790442606369,0,5.073198459645657,1,0.0024538656617065966,0,0,1
1568.699053721372,327.971025231738,269.4525279854937,21.621103948945553,1,52.774398455631115,0.06908380343074529,0,0.014301070633237427,0,0.048064381293583605,0,0,0
149.329258686474,5.159932508188419,91.34823414570414,0.45368850489713264,0,15.643410443207863,0.2835554852444996,1,3.590944293806781,0,0.02703548545385446,0,0,1
0.661961994513809,140.38485556186214,368.94931110941894,3.3756091407279527,0,17.21097053802469,0.23848697375382713,0,2.088849855452131,1,0.003433473018466723,0,0,1
946.0633292170546,367.9144482025159,192.8518084325795,49.498748708150075,1,73.96436652458209,0.21248700163904924,1,0.014570010281998827,0,0.3291324337453788,0,0,0
468.32736763030914,244.12885402973168,232.1298814356493,94.1823998768451,1,22.236498453297813,0.013495081289701772,0,0.14020766879181412,0,0.18525671950313494,0,0,0
93.68769308563417,142.15084197015656,50.0,14.39420517581411,1,10.548399173382116,0.8051887848187473,0,6.665893301981575,0,0.10346962019993491,0,2,1
97.56556961525408,48.003654306778785,362.15134458043457,0.4087150141992936,0,8.17444447093812,0.16045947367364546,0,4.470326937028801,1,0.02841963468566141,0,1,1
1567.8921681601164,99.50660203347589,71.51011250358816,156.69145376440343,1,82.25451683930763,0.054417542272527236,0,0.005089894588980584,0,0.12992143022398817,0,0,0
3.1481601626468465,111.05584335203453,366.2069955669049,6.6234038427227,1,51.75680356672961,0.8748951560448203,0,6.57391281068533,1,0.011484116649679658,0,0,1
43.120517429820154,18.64109922109956,145.17982353314025,13.258985619555897,0,23.4998442627617,0.7168623411591106,0,1.6811233237245997,1,0.0074854006566394534,0,1,1
5.990291485231693,26.115463444457557,97.01730932178758,6.81122141525333,1,11.112790750920642,0.18052087452358812,0,3.2317156297256036,0,0.01065040060645646,0,1,1
977.7146638342331,48.881050222110254,43.418487598447875,129.15403353648628,1,30.46665075163469,0.06399391659301856,0,0.15775485628685829,0,0.2218417349640818,0,0,0
963.9202015836427,611.2535073718793,68.72618994371456,75.54576563411992,1,67.36871347762363,0.19119643639663575,1,0.026550529179809396,0,0.24899220072717476,0,0,0
555.8138588846202,158.61430331903838,79.61950456891059,69.78928938704821,1,97.77604797512421,0.1137572955123281,1,0.09621325032454706,0,0.4438353368842336,0,1,0
23.47410771957865,56.653875426782186,990.4623206288243,4.386749556932979,0,15.619334527736328,0.29216810986041164,0,4.595466033570804,1,0.0636913643673069,1,1,1
125.1348355522806,40.72027884145141,280.26532316474464,3.5381185562900925,1,1.160106103532373,0.6469044583790222,0,6.582595827981022,0,0.029857003167998754,0,1,1
1898.3654458458932,35.02820544227086,1062.7300784446006,21.221151521895013,1,31.155424753118318,0.09415214089531605,0,0.09253813797752262,0,0.07021979736810358,0,0,0
489.3066603878069,525.4670783142162,242.1603331194587,34.47577484691067,1,68.93176731146058,0.09304604414969112,0,0.08405945771879307,0,0.06855227921587273,0,0,0
129.85805853665548,16.763601495129596,1337.7520855044504,7.892298802890526,0,6.172287468397024,0.5985326411159785,1,5.10122942200992,1,0.0009693481501395815,1,1,1
1627.5227881353558,2050.0295583200646,57.25848422928073,3.8906580798280017,1,53.65691379086546,0.2540592150296345,1,0.16642047519488495,0,0.09109330449217781,0,0,0
33.05540548710385,34.67695537996849,361.6328578721035,7.291175801533138,0,109.74947776824736,0.6906486106783015,1,6.6869526243605915,0,0.020404386864212587,0,1,1
1016.08066153336,300.7719688062931,79.4572226012357,8.609700329484472,1,33.32314241369629,0.08610799191551469,1,0.048212441520932965,0,0.14614795477091785,0,0,0
38.95294106692434,55.36663862787489,208.78391838726318,28.399077554970866,0,25.5576404615493,0.3739157962750768,0,3.3212513495929867,0,0.10209198566138543,0,1,1
30.16105656483032,33.02114639382493,443.74603140966076,4.345229135375112,0,5.486580486401964,0.5198142405857835,0,2.4037155018348257,1,0.08670434919883309,0,1,1
310.8481884425672,25.611510681640706,25.851675405071802,104.5634211572295,0,65.30392785178432,0.3892018725982805,0,0.1481547619478787,0,0.16125284914449312,0,0,0
18.675866830890524,4.687634093810633,918.4376877550478,0.3629063875030679,0,0.5936459900173116,0.7653220671238787,0,5.460219343582973,1,0.12294487564503034,0,0,1
106.54033192682766,11.276828258161585,667.9627642754128,2.794358564058424,0,0.1749820018433777,0.415113721505826,0,2.0548185694708287,1,0.05294121263265015,0,1,1
45.31888630110402,59.21853860785947,485.7567759149195,3.8491925560793403,0,7.187005244430544,0.4388572631155225,0,4.4736107636156355,0,0.06701891845580725,0,3,1
781.5748677451579,168.32630765159706,91.5704120283323,49.603023337259444,1,0.0,0.3191551261803775,0,0.5746630393744002,0,0.2863074006692287,0,0,0
68.81997325965459,4.415724171639728,4149.365414858729,1.8084834519533302,0,18.984058701134682,0.3495684849494181,0,7.366029904147041,0,0.019070100996862193,0,4,1
168.3213169465216,7.269793526200268,247.27611548899065,1.068744231006502,0,18.787514590269744,0.5631682895812254,0,2.5332858435620715,1,0.026032469888526387,1,0,1
9.608883438330102,12.944104343436743,197.95094387994655,4.382218632752381,0,7.758048588221305,0.13879459924025683,0,3.5780412825276855,0,0.04517366484728966,0,0,1
934.6905675663893,46.86266080020612,100.56887981453461,139.37453205178852,1,15.226110973865673,0.12481656794538785,1,0.09576015784298454,0,0.26936896676327227,0,0,0
875.0370445068736,1396.0674779929093,350.7117087916175,33.55173901998367,1,48.30577433168921,0.10965176712694098,0,0.3990143440207535,0,0.1913314026282925,0,0,0
179.64238062941115,6.383810939957366,490.63777554385837,0.22859486679358582,0,0.07036568561204727,0.13239824373998876,1,2.5268604187413066,0,0.08302458096036604,1,1,1
925.5710292760809,180.27260839359997,73.40073812695594,30.3412587609532,1,54.60883391984467,0.02251355813122531,1,0.054641295781529965,0,0.26570085094717,0,0,0
77.47153680326436,3.9496190199640684,161.66248401533127,1.3957715980871823,1,9.662153150002013,0.4918351515075754,0,5.622564783650286,1,0.040159416397286214,0,0,1
10.714149687448339,14.682417450688806,128.06821917473627,0.554063142508614,1,2.3575006752599625,0.31771084438518316,1,4.688303332745783,0,0.010731513027239794,1,3,1
54.479629571038906,58.30883470153621,487.8582696777121,5.657489186781224,0,15.953010908944986,0.43955296613781825,0,4.334717024830257,1,0.05352277366198464,0,0,1
119.52082350277863,1458.0831594808415,76.34265682004995,110.94649309279099,1,17.5671097429096,0.20409913793151546,1,0.0257106810511807,1,0.04207926507106153,0,0,0
379.7280304212328,1017.5583593162484,45.79154211675882,76.21741224724794,1,0.0,0.1451913925175266,1,0.34911062919195096,0,0.1327741267046895,0,0,0
1319.0632839471905,644.4581835890554,205.67770573238676,12.451886692327975,1,54.636916390962504,0.35784434484749,1,0.08939392968717437,0,0.22166823177798303,0,0,0
65.73695148039785,8.968207713712573,527.8595109185355,27.503404973323782,0,17.383459623641922,0.32735015851727667,0,4.448452709441028,1,0.024339379599638278,0,1,1
1667.877995997996,329.8192482291609,131.0195366200427,32.49664401664649,1,71.91541552255408,0.022852906096742547,0,0.04508148808398687,0,0.22920062806270353,0,0,0
28.83100755175966,45.60397985687224,420.4918132133702,2.186320897183421,0,16.695662090895087,0.4257636938434504,0,0.21908942374614632,0,0.019718520893007824,1,3,1
1014.6056870575342,282.99055970651875,147.06587751368573,45.39851027399729,1,50.22726782759107,0.0339410123529064,1,0.004657111473261817,0,0.061984493529245975,1,1,0
52.25741109788069,34.51600299864521,763.0737928286103,7.770934413553543,1,10.10929131780437,0.8857709302441773,0,4.002375616867844,1,0.04576680350238821,1,0,1
193.61705805381678,137.09194190492957,84.40087121466352,81.7676068978365,1,64.36440471779714,0.056592350101270616,1,0.08110894037189839,0,0.12659429143812562,0,0,0
19.220113066627327,24.963091103350095,1283.4169694543396,10.196027259873592,0,2.8356353364819844,0.6146509120414864,1,2.8728667381805058,0,0.041455426695534085,0,3,1
32.22362302586857,17.630266180622186,3311.8926311898467,2.6281886061304736,1,1.3067581414511364,0.672782882632442,0,1.2308749064169304,0,0.036998715457860085,0,2,1
866.5234135508996,402.0396761455396,106.02652104073158,25.12466275505159,1,84.6405276012579,0.139389566042773,1,0.37152420778059675,0,0.2903509205736353,0,2,0
551.2880883498616,461.8758299201005,347.10252929504844,50.3142128115652,1,57.86769308522227,0.07336304120091562,0,0.01353023610816337,0,0.20601738379703707,0,0,0
12.587910350933953,89.06576151421069,3799.940636389796,19.73452153998091,0,0.13815052296815064,0.6410444132971407,0,5.394014581718304,1,0.054596488650378784,0,1,1
89.08929387077633,3.1842755433348855,1944.4156535829368,6.2518615953506735,0,35.5269686069558,0.20154742958831653,0,2.260312702123616,1,0.03385289717698034,1,0,1
856.9496740894757,183.36438785532266,110.99279310437592,47.538185110217746,1,68.45082558608503,0.08736547164062994,1,0.06961664312623263,0,0.2670006025374013,0,1,0
5.384533563816685,12.21325210230827,114.56433436262675,9.12275122779413,1,1.0127316516414693,0.45791143858087535,1,3.6833291502924776,1,0.020931351309225854,0,1,1
111.53409326788491,70.88919685764354,382.9531793934958,29.905917138834155,0,40.62411723426583,0.6105708433937255,0,10.354339533445515,1,0.19563080179223477,1,2,1
834.4566746561367,134.2316054841844,136.55816421299423,10.852568883406038,1,64.52933379135541,0.025255304485682306,1,0.1310835964503163,0,0.10906424254837475,0,0,0
1029.1144116613475,182.60487541685276,128.84630393537995,53.86178661587483,1,79.10575932087008,0.1634162244899087,0,0.045565820207726995,0,0.10366148075380419,0,0,0
16.85883723537725,33.42010209187195,138.9621252746276,1.6771330076268014,0,66.60325379807479,0.6275318395345005,0,2.0624663502532314,0,0.07404114659888425,1,1,1
1432.9901153938217,156.63839997990814,252.83680518946326,17.14424109091521,0,34.58494590597741,0.03918593012688043,0,0.15160752560821864,1,0.020115829998943967,1,0,0
734.2559139513727,469.2395266838724,309.7081857442653,19.705825603012567,1,78.37835908904091,0.30822529507254703,1,0.31567566724397583,0,0.15135090619869146,0,0,0
65.79072725514894,31.771603037182178,584.0868475123052,5.643103772460734,0,10.3517482276855,0.5628138596349659,0,2.712892612056186,0,0.015070927764539891,0,2,1
44.076870797641746,8.24055155838286,893.9149735126828,7.38124132320049,1,10.79105802500311,0.2443721869418708,0,1.2564238942611523,0,0.005027578367449387,1,0,1
24.422895080280227,2.502386303271421,92.33856432675454,8.743881637641513,1,1.7526621491127559,0.14319375570753562,0,4.140376057814549,0,0.005530875830076174,1,0,1
1640.7277738294865,47.57512389383016,73.12347633005244,176.25513275044744,1,51.867146621813006,0.03193826356760118,0,0.15627988099969195,0,0.12265711930114498,0,0,0
53.574282431150095,4.618485116780907,165.52559903650493,4.431499975626317,1,29.67682041276812,0.556052154581717,0,2.5095453629334146,1,0.049837249006770355,0,1,1
42.93099514821121,3.6357072736482006,129.18288402481562,7.003340245095152,1,6.84637815759637,0.36442593023543496,0,6.374487841186044,1,0.14071106242873327,0,1,1
18.09277882930844,45.96643823611009,759.5514813448879,4.218798889456532,1,9.70035522081558,0.7624213996540089,0,1.9065817365529638,0,0.07509090871413705,1,1,1
86.09947665881674,4.466898648332496,2649.6432669489805,32.771055406848475,0,7.513897866456599,0.9349458246588637,0,0.5840445409424063,1,0.014785827965661176,1,0,1
1.0045377795874812,139.62128017700815,246.25978514420268,4.119966955725818,0,2.120181151518531,0.46121439670889525,0,3.334583152806547,1,0.21687807138367596,1,3,1
804.3280066524699,184.3810915364684,565.8658043214108,45.28102449859373,1,18.33306858590756,0.1309572895238275,0,0.07366376606804674,0,0.3176339185770465,0,0,0
1057.8025017951702,63.22267902591296,60.669752074563945,92.33586497794846,1,84.64518495739247,0.1106352764238836,0,0.020137224726015115,0,0.03494162124302712,0,0,0
1024.518061153471,819.7610744539124,120.7444571188475,97.18017418470774,1,87.47340010407714,0.14866642535779742,1,0.030062694903345122,0,0.08461470029603899,0,0,0
17.270850154960794,59.270905921561265,233.50982802034576,5.176074772001266,1,4.399444324883937,0.6975614301860925,0,1.9979880126560463,1,0.02059079909340494,1,2,1
1433.6112082859916,128.3556475754872,110.46126650457474,7.842959750061479,0,73.32902384931856,0.23942209031741674,0,0.033085294578659594,0,0.20819978455507218,0,0,0
650.352200730424,527.1850847788725,87.50780779486168,32.622337416195265,1,78.8101848979568,0.21816784508776216,0,0.03266367185627856,0,0.09960247406886226,0,0,0
751.7145232326459,981.4286435285163,143.77262130099226,33.61155191090893,0,81.71303378759752,0.001628153724450121,1,0.027527090834093607,0,0.36212645924989,0,0,0
1117.3830372333093,366.46380280244966,764.8435280659875,25.9937013840856,1,98.40646275210035,0.34410501401088234,0,0.06761936216836754,0,0.1137266012922933,0,0,0
275.167312872201,14.443855744647523,346.5460586542344,2.9793075619031617,0,0.428302316256683,0.6212577377102949,0,5.315504572940342,1,0.018579837007329614,1,0,1
238.65019382279877,15.113264246293744,34.449846381034796,8.116334584561669,0,59.68731462378103,0.00878601910104449,1,0.0763634450997341,0,0.13525056426334592,0,0,0
2.3257906386443086,5.563203545005899,937.7771530364005,2.730315736247114,0,4.403659689175846,0.35491236620955824,0,8.785680197960877,1,0.0531701034536397,1,1,1
53.09405820199105,8.280144045381522,3404.69643293216,1.594737043032859,0,6.178472893547565,0.5273907664787894,0,5.295913716846474,1,0.08051290742950215,1,2,1
99.36103144057313,383.47090159960794,110.44382720067979,6.589297303294567,1,76.99911357166803,0.042370616033237045,0,0.11590033609477546,0,0.04981465167643553,0,1,0
153.02523743971554,6.0905460079813745,517.4655817647936,4.597723086333259,1,9.52236459673188,0.48483608949842444,0,10.162683243888516,0,0.020082342039598296,0,0,1
979.9958067867192,394.0152307980454,140.0233358776216,56.769571778059735,1,50.77829624373376,0.034893855770825245,0,0.12583030624856598,0,0.131505526384778,0,0,0
313.99640370259203,185.17045960013814,22.026473393953093,71.13062113067545,1,24.68619078441114,0.07135743646053562,0,0.13586245078109258,0,0.16189293700575094,0,0,0
1313.9940883985296,800.219587241287,31.631036761396516,76.57895750694574,1,39.59521407175764,0.04690872329376885,0,0.13564190934558595,0,0.2579529752752408,0,0,0
1035.171619640863,3610.1491811218525,225.25353900287624,18.349473793629723,1,77.07969797816055,0.02973822173586146,1,0.09869324850802745,0,0.05679289905517236,0,0,0
1195.4531613966774,7.26658722680897,63.90565955763965,125.23929802979617,1,62.24478808323538,0.07357497573096973,0,0.09774407157923608,0,0.033326220142072586,0,0,0
30.0,952.1108685914925,512.1564581784206,36.07218700312372,1,46.92949617776697,0.03562353835783382,1,0.15338154703341264,0,0.0134968908904319,0,0,0
30.0,434.69761273405254,214.77299183494284,6.1168150747631,1,33.1789627634503,0.07093993031808075,1,0.11555882095546778,0,0.1935599155653483,0,0,0
180.7492746162399,43.0107522499469,355.71969862275614,10.031279374959944,1,2.7485398688337015,0.32156632905759813,0,1.6943682582301114,1,0.07315784411980952,0,0,1
47.2716942385849,4.779098747252247,172.6436959067017,5.180181296160284,1,12.206233497010409,0.16890401502184296,0,0.4957368111946472,1,0.08952527917431143,0,2,1
0.02734850252497892,1.976446639660239,55.20756829646653,0.6583011025842018,1,34.554397180729936,0.20518735045121417,1,1.8132811132030908,0,0.034401584508904536,0,2,1
68.48401392590364,1.2048123466377325,295.34780243064466,4.231060378605692,1,35.87444083933417,0.5016883728096126,1,2.1506637489784213,1,0.017315095145244846,1,2,1
113.25194674362605,2.533435809106323,967.5267212169408,15.868653230331873,0,19.645485422555375,0.5910235335958277,0,7.145682951382424,1,0.3091931975229509,1,2,1
182.77130970137463,8.444336017901293,302.3518934186651,1.9327825493408235,0,33.490786036875846,0.49801608146670373,0,2.8983665687381017,1,0.08515524042892156,0,0,1
314.21668558732915,782.7375419476041,75.59754824997451,12.997372816269001,1,9.153485863324846,0.29243286996066065,1,0.08872735332108439,0,0.08188880385218675,0,0,0
157.93711062324516,61.78649159123495,313.4939751110676,9.346935418979491,1,22.753024614142298,0.4447487195969923,0,2.5686595186699472,1,0.05841022179103448,1,3,1
470.35376855838086,52.50132564645057,40.350047766590244,26.88746565706078,1,33.17383580308159,0.010048006294118112,0,0.5478284111287077,0,0.1842476949496388,0,0,0
307.5281167914877,416.1537357340434,99.16943556203852,23.461087461927757,1,129.02685831803348,0.6000757048428549,1,0.32408598134644256,0,0.35436435740420036,0,0,0
89.10200181878693,137.781396673729,324.86267938528084,2.8687980955374432,1,18.703126425890474,0.47538859341380446,0,0.4149900534715346,1,0.005372388057212146,0,2,1
481.26829795740366,379.3413618028279,34.0009885164527,93.26182662710866,1,18.337977914107043,0.17219151620870382,0,0.1218127441768157,1,0.07115511485367985,0,0,0
823.7387337738206,1703.174732566608,88.79835839668375,25.186483730772522,1,47.81405732071638,0.15103577618163108,0,0.11413334304394583,0,0.061115855020949454,0,1,0
1239.4567815359474,298.05226098810573,105.92681083664546,29.28264087898515,1,30.56678014653397,0.3005972549106255,1,0.08144642464725849,0,0.018974173705556503,0,0,0
14.134510349668178,32.392919070542185,484.9240873578433,0.6848705632185997,1,18.629248592168274,0.8502491807382949,0,1.5369586613593267,1,0.21416440707413004,0,1,1
1655.6142166383609,246.46500516378242,189.48089145837514,49.78939977795977,1,42.28407566576831,0.15544425668229567,0,0.03782564126446567,0,0.298118126778382,0,0,0
9.488972069793352,41.08242868306038,163.52008424405997,9.9444670941519,1,9.009780978219778,0.5402291933039337,0,2.8277207348539317,0,0.042738137223204034,1,2,1
1868.6155812147585,422.43199041868246,121.70492714110355,35.31463838787719,1,94.25075022827376,0.2761939413037826,1,0.190169784743234,0,0.3658699600457166,0,1,0
602.9250221516028,70.66188108045978,70.80352858898486,82.02668725825413,1,92.80819384218768,0.02219260179626863,1,0.18626431905694232,0,0.5204361716755557,0,0,0
1477.6560180533481,756.2313575444448,57.730651262218224,63.49774017219476,1,99.7346156078616,0.10996487178501094,0,0.03207102076391847,0,0.15789925764265317,0,0,0
1550.0222973494792,52.85647736097873,117.388990849093,14.125534810101822,1,97.5640241126205,0.03347592469684318,1,0.39591801426256895,0,0.17766520521937632,0,0,0
54.126309859992695,114.74858650849288,578.7623030006996,14.989234192213527,0,19.188647671108345,0.11719710255964828,0,8.03355201767075,1,0.16982324878208224,0,1,1
602.7998239006324,400.1318624044215,223.51618314367235,49.136042508747366,1,35.04335214080402,0.24380115947265368,1,0.3381991336308897,0,0.14829779701966195,0,0,0
76.85706005021791,13.681916440932596,142.3676833259357,3.7793725667807214,1,0.8807441688552793,0.5170002756674039,0,6.575352599618871,0,0.013610892985443844,1,2,1
32.033604285292704,5.8692540122104475,219.58979791634695,0.7831754830749649,0,0.5981223742608577,0.262322145813333,0,4.743786695403895,0,0.09513624952967877,0,0,1
1190.3885476648984,263.56493767689676,324.6464194125691,60.62179868947232,1,11.659262397822921,0.06417296256330478,1,0.2478477939813307,0,0.22734612126977416,0,0,0
57.86073930173005,184.42818871084478,68.60858283039569,17.840407937007985,0,7.924206406425518,0.5340626852310262,0,3.385714029281341,0,0.08795930151661455,0,0,1
37.43633922196132,6.422759399603919,1756.3760688655348,5.671248804332072,0,19.909038627804645,0.26248511562903226,0,5.59270697679824,1,0.005286768264140743,0,1,1
10.277807733511812,25.658565148822902,237.67954065585374,6.503969233508686,0,3.983416997305764,0.4791965246041983,0,1.3435095273202242,1,0.1870168018256585,0,1,1
969.120716029341,373.6293247446829,174.51849685319414,5.801156395270849,1,38.711321848030906,0.07037572766903448,1,0.04202267649324109,0,0.16855688716505218,0,0,0
1.774390777909161,7.498741202534942,342.33034642111085,2.6501712805274726,0,19.566946722910423,0.8129482675009485,0,9.93631410920676,1,0.09740876365592187,0,3,1
97.87453323280532,10.005985430595684,50.0,0.6510564443299214,1,15.444284741936986,0.556964622024655,0,3.844979922682481,1,0.037821010303265505,1,0,1
305.6184728385746,614.4826464869036,34.0858365871303,14.600462770012955,1,64.6129449453787,0.1380716832333258,0,0.8097129415534471,0,0.19048868689107887,0,0,0
50.67817021075572,20.834069528007515,50.0,2.9530724237988544,1,1.146461900827323,0.5861188278179514,0,2.3524023444432824,1,0.11405820637853806,0,1,1
39.251529553825776,8.006010644629535,396.672370852774,2.295165859849288,0,17.325418295682336,0.4713157143860704,0,3.7706550070201184,0,0.007442660416195434,0,4,1
25.95727154188541,24.407652092754546,342.32624585810055,10.922779507313217,1,34.75340473963503,0.5158596281528136,0,7.794803386492153,0,0.012916650583142019,0,1,1
773.7413328485177,379.726598955716,49.543702714618725,46.847335163324736,1,80.34195841979883,0.08677334018703795,1,0.025521394266430925,0,0.056079172699131444,0,0,0
1091.6885565912353,413.64772191479324,69.73408001123799,161.13448048927236,1,87.73775940854124,0.053173499908393165,0,0.082557742553376,0,0.0849976362041446,0,0,0
818.6670397275461,1356.9330752062885,11.421584478411022,133.78183457223187,1,102.2891988918175,0.2608442333660139,1,0.3249369006627293,0,0.2399655086957529,0,1,0
1092.4754830529316,125.53312266674745,351.74442743950823,40.549549072724034,1,56.01292624314206,0.19750236135940874,0,0.044696346925456716,0,0.13732236391201746,0,0,0
128.35162031657435,53.52395264392783,408.96084514365447,3.8434807498836947,0,0.6012241961782637,0.18021554254745048,0,2.0565893833285287,1,0.06007451644155201,1,1,1
22.182532095965072,13.413871071494865,845.2133971008299,4.334610237436856,0,68.2297384263674,0.4214500098522584,0,1.9061379108653984,1,0.038532177293363105,0,2,1
1128.3876187787057,652.0563865598048,315.73234888574507,99.22005276907137,1,101.24577976114159,0.04765717945214472,0,0.06420965485780217,0,0.1793769172026532,0,1,0
757.5579668087126,69.82188843447872,70.63620114719714,17.235000818762284,1,80.43252908525318,0.10691178030140606,1,0.03972797307332275,0,0.10532877827575818,0,0,0
17.662396899903854,17.19995740287439,479.4664758077387,14.771621183594794,0,16.69269009542644,0.5170741805193154,1,6.345194841098584,1,0.050128147021236934,0,1,1
1763.6751070820924,390.57891908281545,77.24360023836269,59.28311956140582,1,121.02676535520479,0.016584942974189335,1,0.1831603565458576,0,0.17964114184605784,0,0,0
12.849002770592204,13.778612278831496,685.0207681361891,4.944679663655691,1,6.50633684692214,0.19826283079036502,0,5.423077425500569,1,0.002575015460788182,0,2,1
1810.323078823401,200.459170911904,86.52469220110468,43.34452668793101,1,168.09792682010993,0.022680681916662886,1,0.3050019288745834,0,0.08149030216087387,0,1,0
696.4608818248374,64.22930972703273,33.83710900447191,13.47057965044316,1,84.64666207931084,0.17508253744991453,1,0.5480116554923504,0,0.11169154751854507,0,1,0
1401.378912652302,355.57756146763984,61.453018449922645,53.26223599903167,1,97.04934856496354,0.04200927168365115,1,0.00999857159886744,0,0.06671357064861495,0,1,0
1020.829859910419,1453.7512215106754,77.41827467662334,22.007227553721698,1,79.51515449886857,0.08087814218169037,1,0.08104488089555265,0,0.11194832088588592,0,0,0
1970.8238004352306,1691.082937324455,78.28514790653037,101.69714768077361,1,142.5920177015364,0.12407721770213881,0,0.02950506729029985,0,0.07942829009713044,0,0,0
30.0,2007.0659977577366,39.942928828984414,368.0023648639261,1,1.847327809152148,0.08501644597943125,1,0.1337775099283982,0,0.14765693277145514,0,1,0
79.4513315729181,164.4815558537845,591.4461787124516,3.853878973262514,0,2.95003342940265,0.5559677789138496,0,2.698908770829575,1,0.0035903279841790828,0,1,1
26.18670798872344,6.343166538378717,1004.1239299543752,13.956891237157715,0,33.74998402617012,0.5966641147114106,0,3.5681928125197078,1,0.04676201287919573,0,2,1
102.2308090110495,65.93169179820316,188.2431211047488,1.4384498342999996,1,2.655862868533575,0.7574742750338144,1,4.787841465813998,1,0.002011620953828583,1,1,1
732.9382796495939,317.5633842281878,183.19659189279935,88.96500843361281,1,12.328220920157172,0.35951542314196167,1,0.0949886449660562,0,0.11428135666132312,0,0,0
395.7319790284461,154.30094820329253,156.18718879523664,20.885461245061812,1,13.67440945095138,0.2525381341351004,1,0.004776522484951189,0,0.08071745223158552,0,0,0
129.33379886821564,17.903936775004283,1812.4810260048089,2.0298600654161527,0,11.179162080321136,0.5572379801780225,0,4.862524667439324,0,0.13503764377094563,0,3,1
5.764309889589735,16.099213421857534,56.26155578157924,1.2400225037612498,0,4.814959054016522,0.4887678748283271,1,5.3839971606538155,1,0.01388941520344365,0,0,1
597.4996435956346,244.28334908051693,289.3427954842196,14.177575431283856,1,62.293640329051776,0.04790481408866322,1,0.18322612273278746,0,0.061192566461372715,0,0,0
1082.7220321820391,1255.3518461404294,76.60651813044208,248.31494315974362,1,97.11145216728929,0.3917227298793414,1,0.2295367565266723,0,0.2616174036817827,0,1,0
129.0328526928082,20.965383111651143,151.00516260055713,2.7544127238524503,1,5.557699404714259,0.5191904126716785,0,2.764619801188972,0,0.02469616742613904,0,1,1
75.65082860739963,19.81762097852738,686.7158186551709,23.65145992142177,0,21.616518339777365,0.8403605397803031,0,2.8236764321864998,1,0.029530860402660012,0,0,1
1009.9983419858826,15.84912962480033,119.36687863631393,5.399708747116602,1,87.34134218283096,0.05942336560518278,1,0.137104389852842,0,0.32534655439050625,0,0,0
57.50247449483419,19.57819142140534,415.67229942697327,3.5502331440145243,0,49.933181097172515,0.4319448433870285,1,1.8951339328614318,1,0.1458329069992551,0,0,1
105.2162533455155,141.4907900430983,111.9296251768665,52.040675933439275,1,62.23921989790992,0.34163957212635365,0,0.023504454166572392,0,0.1586318278053367,0,0,0
18.786892229865444,30.7422677248194,690.0800664979874,5.611863681304342,1,0.47389508056350643,0.5237906644648147,0,3.797425361614991,1,0.10181365853495894,0,0,1
40.97011526571038,47.408976654985736,794.5750292504022,36.563573764514615,0,10.994235407663353,0.4584007874152353,0,2.9799704299499146,1,0.06939679847517266,0,0,1
47.864168789476835,20.938572226294195,629.1677173911991,5.742250644491392,1,10.991154343780357,0.6383970225205783,1,4.408913511699486,0,0.00531130590897829,0,2,1
22.586739810099115,34.938164276304846,231.45339607050886,11.491323748818415,0,6.908709663095846,0.7619518361769979,0,3.1279412792164445,1,0.038342088707935505,1,0,1
13.641362569358385,20.166770792544796,1169.545115964373,4.062689881199477,0,19.838734211104487,0.7755277235808138,0,6.02736831037894,0,0.04166829921744564,1,3,1
158.39451676281692,183.27936897506115,221.8669610583962,2.095564413375423,0,42.302453094933085,0.6459772836656588,0,2.7917098875011246,0,0.017580093340010386,0,1,1
30.0,65.57501736364655,146.85723045314066,67.10736944020533,1,90.60198499562355,0.08015324292887438,0,0.019810373119846278,0,0.09751572942639232,0,1,0
945.2924534508728,370.00846571984664,103.20779549751548,72.05363741715142,1,35.07810418359629,0.0396713196459306,0,0.6444508784359833,0,0.09062174096763782,0,0,0
703.129413887714,523.5813702479815,38.96208838015019,86.94456579528436,1,36.58817309988032,0.2981938857819864,0,0.11774677342039706,0,0.19277399014559415,0,0,0
1350.0922820099818,75.02417247135475,52.37818467693458,724.2199506702727,1,50.67610236826219,0.11926752169360084,0,0.35777894884514394,0,0.3790061792465687,0,1,0
7.159877152844924,11.970667876506958,1785.226671044523,0.41171865018664844,1,0.8533377628505217,0.53410279316809,0,4.724800795870424,1,0.020536399510766253,1,1,1
1399.9121234551474,73.4927839002453,63.227536731430455,187.03096352910848,1,119.06435638203234,0.16857419691758338,0,0.15120731452547778,0,0.19892358090732762,0,1,0
1058.247130836654,73.00503858302267,298.87790256493724,9.510480659725483,1,58.43434730342462,0.0360336475763733,1,0.18551486231906905,0,0.16831399755623774,0,0,0
753.4042066756191,67.60249815026883,145.3542610985626,87.29532496810653,1,45.253195387400524,0.37903348430173284,1,0.012807859880173985,0,0.5015865051114992,0,0,0
184.75687395372262,294.7696290874334,789.5658902092642,2.183686214407998,1,1.08819557201782,0.23396006414956394,0,13.974369068233637,1,0.16088425774958723,0,2,1
203.67715436258666,45.66381396639983,244.7990838887933,2.2370600659848763,1,16.21685756477501,0.6313066384366748,0,3.088375749837569,1,0.2009125271123263,0,3,1
39.73184648975669,103.7892651590275,436.1814010443994,0.25962371359410763,1,2.4647224617564456,0.41951644637153357,0,5.394668791840861,1,0.037740017118037046,0,2,1
851.3567007932553,583.5552957922805,120.21326460460752,5.0757588020481545,1,10.819247376306386,0.16411761076024622,1,0.21626937249497002,0,0.32137364628618903,0,0,0
343.79426400829107,187.69892543257214,37.874939621042,47.42397105315472,1,117.55055985817917,0.07797754734600826,0,0.8887300354479044,0,0.05881662989739567,0,0,0
81.87181226025486,14.449495458961513,1526.8067751295766,4.191742570799828,1,35.79949262752844,0.691502486169938,0,2.4713290775789947,1,0.0853139467713377,0,2,1
933.0153487806081,44.323662538163646,104.71419203900332,60.41178669477367,1,57.93352239432306,0.20765167880844856,1,0.0853217556539563,0,0.09659932087761915,0,0,0
34.082797945711846,61.66816246816431,194.38363650652892,2.6207849140649655,0,39.52246511401567,0.29168518585402226,0,4.125923499286344,0,0.03935719543206969,1,1,1
9.88212517145884,644.2583606617162,373.6108039845566,2.704345315796345,0,2.037639271805141,0.17834099749548488,0,1.5340201230161532,1,0.10676481378967456,1,3,1
1357.9512711780067,192.00090883509827,86.9141634720488,11.122875114408947,1,10.228188185095355,0.02719176151863317,0,0.2534691279217812,0,0.1109159478043904,0,0,0
76.25326564784828,1.9815668121205474,2776.6972404076473,10.07101860847645,1,53.035575244259455,0.4106247510646118,0,4.188603364400129,0,0.0653243172219231,1,1,1
46.08328890992168,24.229824377705192,1212.9311852562776,5.48058454575847,0,3.461389234047186,0.6278588030592172,0,2.452618219109453,1,0.004300156938071143,1,0,1
829.6045567918073,454.66327340489863,67.63811766234804,16.44443007378906,1,74.45119883278402,0.051895863734941164,1,0.20943355618134088,0,0.07114035754466173,0,0,0
1080.9609269644218,565.8220414955413,17.614346625651137,9.650022695343642,1,97.25092651865138,0.03931453219709809,1,0.15193008473722758,1,0.19226430739951592,0,0,0
1063.9977418570547,38.75382715019254,47.21996288507461,244.16449100312522,1,46.00979802985827,0.14227174251791,1,0.1405798857811259,0,0.291337774166093,0,0,0
635.2536454680987,56.87926657012228,527.9389604335731,1.5645592862630884,1,20.318014110309505,0.09125906556243758,1,0.011032545109263022,0,0.5652371829149102,0,0,0
2063.8265501730425,70.11206151919968,44.26031983681138,47.31692971591784,1,0.0,0.02877712885084534,0,0.6459420244304047,0,0.43000097193471154,0,0,0
8.885555042210468,152.40949713222037,234.19919893429642,2.8481485143924754,0,10.157171489164144,0.6806068559932087,1,6.493585445402591,0,0.06596284073021477,0,0,1
105.34884633380211,10.165027746748695,302.18254762130135,2.9119517796740437,0,5.975202671450351,0.40617093832056217,1,5.465052614092437,1,0.014666393035046838,1,1,1
134.30930747341893,13.174212349103687,481.09495569796525,2.368528514741262,0,14.561709177041392,0.34486917322971683,0,4.151559309678935,1,0.1227573025131633,0,1,1
757.8180809799525,185.8330733658883,135.38177652406398,89.51464141530971,1,127.93034287136541,0.06393444768151359,1,0.05845649468158126,0,0.1703925241912748,0,0,0
48.67517822522487,1.1868514593870487,956.7707040714291,2.3582700388324174,0,3.8449844690525588,0.28701851207335344,0,3.1668184958823637,0,0.14004332239305406,1,0,1
71.21279655160193,0.351046067773341,1425.5476185901305,15.596063921357214,1,19.550864096081078,0.15981773564219678,0,4.460590707201767,0,0.20160424548738093,1,0,1
1038.1370896642768,170.1799299222819,55.257498896451715,408.3067473418798,1,70.60856597326156,0.048814247774893446,0,0.24811916126351022,0,0.013111857263104132,0,0,0
1511.270669337015,337.88180237668325,168.8120661470079,171.3831225032155,1,128.81446149814565,0.005158491631010598,0,0.018138180584614128,0,0.2014925518914006,0,0,0
30.384665919358767,40.84144928182315,316.75052237174737,2.0161883183705793,0,0.24398803155571128,0.44945993712007903,0,6.631268674910027,0,0.028412264022431955,0,1,1
50.726260612077525,57.329024848283936,240.5825726023095,4.129726878850967,0,12.600054258483556,0.8047612933155801,0,3.2420345109883857,1,0.023949277549269326,1,1,1
159.7317437174919,512.5312073775459,311.1904988675879,18.66317076592985,1,96.81492011846319,0.045885781007838966,0,0.42468884647020144,0,0.03503743171432628,0,0,0
34.607547069152346,26.19286662833903,1255.024574158783,6.042416138311697,1,10.803726670915797,0.7391181504568629,0,7.344308388266466,0,0.08971249121371458,1,1,1
80.81490164410621,6.944231118193364,117.05745175526043,4.236928227903822,0,0.37549485985544884,0.5081704844393297,0,5.550875092108415,1,0.10271499502413992,0,2,1
42.17001655149574,80.42509793792682,583.8097390166218,5.413303237102208,0,27.503984502812628,0.3386899550160399,0,6.117192016358164,1,0.0010531009946476066,1,0,1
72.54982920890434,2.099449242645405,79.38483805140893,0.44319487515480294,1,31.52273566513935,0.43327204782283746,0,3.351210616767104,0,0.0024350907838125036,1,0,1
30.0,71.89828246303234,172.63729337152014,11.58015542889303,1,84.06783695781544,0.03560430348048056,1,0.1316018816249121,0,0.047728202154331364,0,0,0
1044.5596993449922,2247.0870580206947,263.44362248457895,22.071849253696342,1,56.50578968265924,0.035635240225556405,1,0.6434943638708477,0,0.1389098415303152,0,0,0
141.16906095211073,6.9279528731240045,396.83740275847657,15.00436523317024,0,5.590762396742223,0.754342031065502,0,1.4953143325720775,1,0.11825002020563793,0,2,1
72.96221511985641,410.7102772565306,1004.2801882332899,6.080978403695976,1,10.156689852444577,0.7580522294293026,0,1.6859485160881145,1,0.05608435232461771,0,3,1
569.0370294666743,518.0657897829778,21.402498598760538,213.64526189928787,1,66.97333144372337,0.5530417338150186,1,0.2053642253667255,0,0.03901469034392409,0,0,0
945.7600890866041,411.2138280374946,79.02394619384259,150.72161678594668,1,13.97398130617863,0.23856226015829332,1,0.2510339854398791,0,0.13707772382706418,0,0,0
804.6744712474202,86.45237570307218,13.467228076722087,46.92913524687252,1,132.1629703456063,0.007009481341970268,1,0.10609419700439712,0,0.5884110233478886,0,1,0
35.73096590589382,14.72591339041771,626.3889864029046,0.8978359424818289,1,0.04034299193197349,0.5597548433665366,0,2.6550650906918483,0,0.010161741931581507,1,1,1
20.156079410391502,129.16562401674526,334.1808309220572,3.325295920711011,1,0.6696228522769104,0.752547804175057,0,6.620668521884959,1,0.1196621740486515,0,0,1
2.229675262622825,8.84845171753807,182.40044820708167,2.7608529731731175,0,43.38606832967256,0.7587754581357394,0,1.6351184996179575,1,0.0421053832655208,1,2,1
725.6374638757812,35.205770112309196,62.2497368560211,35.51888469824343,1,76.98561490720992,0.07041661378338841,1,0.07210310664716023,0,0.2618228113742411,0,1,0
10.200087460192071,109.68550395232799,415.4886790958588,2.445997618752552,0,36.751250048827465,0.8872500259251179,0,3.4160297191399156,0,0.05843737147841165,0,0,1
61.01865151441369,74.65340070804456,263.8972261994282,6.4831174696515,1,0.007818084143354276,0.10416274511381458,0,6.205037947542242,0,0.025075649639666416,0,2,1
119.70665936842539,11.616998230475788,196.39736316902318,2.3496777369125716,1,4.896921413449164,0.2501513986678723,0,2.305984065558178,0,0.04382287979382786,0,0,1
1563.8430661338457,176.1576606759375,29.324128884477027,40.12979494968411,1,50.891997930290756,0.054808882501532694,1,0.021335712195659776,0,0.41514733454625286,0,0,0
219.42944853092598,4.972064680201095,95.66946608328841,0.7175094237402151,1,8.91811553920477,0.08740011495267463,0,8.152750994411342,0,0.016535926857968734,0,1,1
1255.6132898964274,221.87067706249016,116.78713630556551,61.48996701338244,1,67.02976040465755,0.11949521039817756,1,0.09832346803912885,0,0.24702627450380152,0,0,0
1.1384241454662745,17.622367427987545,78.57335494053466,0.9851017129728374,0,4.844915370726414,0.8505089928178934,0,5.393290996233991,1,0.01158142925432147,0,1,1
22.378068755470288,3.339457610597327,5576.909703260909,17.23315151124293,0,14.858866517345705,0.47463131678541126,1,3.369315440855652,1,0.032776320437156704,1,1,1
1.1211358184607763,1.9169202152687737,247.3537920238767,3.4433993603863016,1,30.94557710432891,0.482808961692371,0,3.639613362684792,0,0.004695774175946681,0,4,1
1083.265703618615,247.20223135697688,34.53514150597124,156.9031670858513,1,49.38794341513259,0.2965789859557716,0,0.2238008600681167,1,0.4891450781399941,0,1,0
1.9639784341515027,5.161907053153017,403.95205958689746,1.6375463999007236,0,28.559447440041875,0.4085470151872709,1,1.1269176188517318,0,0.059961728706282906,0,1,1
1.288404494669236,18.54965765045484,70.77156077097091,0.8649610349022363,1,20.769293543279872,0.5258403352831915,0,1.5936691645553962,0,0.17445852185309563,1,1,1
1296.6736175999627,31.601903015256408,110.78605362282936,53.141391619215824,1,46.92701009867036,0.1291335883544565,1,0.022694851573006467,0,0.1340257452473785,0,0,0
124.6301326526397,6.711989622490084,244.37298169323603,3.827566841827505,0,11.278610319586626,0.347440138347574,0,2.2868412113122476,1,0.03713958668466209,0,3,1
1031.0179060371906,212.67044826092535,43.1087956815552,39.399150537040796,1,96.18333044896417,0.14365901829415198,0,0.07807793629032937,0,0.15592901031717793,0,0,0
29.745394223441828,24.563329872630625,1048.0562174594859,1.2652444301972892,0,18.72512249125834,0.30340690024847966,0,3.3021860070694533,0,0.033838897527828676,1,0,1
1047.9969948435498,108.7203765349191,157.31308180233236,116.50160472836633,1,93.63827201420757,0.09284373354796865,1,0.07302904160061861,0,0.2752627483447734,0,0,0
1576.7929447846986,514.7299316636444,66.1449091955801,8.722289810928949,1,42.698101743605704,0.009518646391905588,0,0.16004029293490066,0,0.040737231268067935,0,0,0
572.8583616562223,643.4307245544389,122.31816109720852,16.564185140656797,1,64.78107990544453,0.1890367137843802,1,0.10962830664533231,0,0.054707159286223786,0,0,0
766.8062549955224,43.34715347678922,68.05465679962177,297.25665866015885,1,30.155740987781304,0.16951689036708395,1,0.3337964889178752,0,0.1132235886455499,0,0,0
29.125703505874963,272.060606685912,758.9458343752582,13.632707016641696,0,9.769868437222037,0.40966180817826436,0,2.1773469777119328,0,0.011171740334315198,0,1,1
30.0,762.9401072578677,190.69026429015491,68.42680284518183,1,21.773618551956467,0.33363189105377,1,0.302746301543795,0,0.2142178490646967,0,0,0
10.86296692610431,7.134037547497512,606.7946735000872,8.657239766873678,1,0.7533681168346789,0.36579097924243276,0,0.9070926927126464,1,0.03258319094636468,1,0,1
64.43633088026843,6.397037525598591,5883.035777874031,0.38180526758908384,0,1.7633188438602985,0.4932770162692943,0,5.0876266083360955,0,0.05256128382754115,1,0,1
215.92040037716754,66.75888273671562,159.03443497662565,18.41360875050386,1,27.88018589249092,0.11589572078364024,0,0.6388889538702865,0,0.2993355063135313,0,0,0
134.70242825857287,119.71019352769395,688.8119527308731,11.714323554449892,0,13.511640718161043,0.22236826491760983,0,5.820570583754182,1,0.031626990043078694,1,1,1
1070.7777754702547,135.9517142641854,182.7133623257043,11.621127115186988,1,112.84547390921104,0.12833387373159433,0,0.3357957345159015,0,0.084966222830217,0,0,0
206.18875186922776,11.616406887952458,201.727588645869,15.11082226211235,1,34.28837005016426,0.7358134736024445,0,4.212583788526146,1,0.05250748625525605,0,0,1
1295.4030608450403,276.56269953616555,54.046939494821544,77.1485496004611,1,110.42844093014921,0.159753554255402,1,0.056392504095562665,0,0.2252465536391382,0,0,0
688.1966967695809,2572.366370408689,93.6384895351487,12.480616810726008,0,0.0,0.4218677942609179,1,0.23244253516288177,0,0.2644583169948842,0,0,0
1115.1506794787765,38.38434741040283,148.16967187209838,547.3965496420019,1,0.0,0.044901604150173524,1,0.06210632311805173,0,0.18866977562282206,0,0,0
1946.5841544652974,263.90860288235393,19.91888335540619,33.524680832094504,1,93.81453883514371,0.04165513543969737,1,0.04712554850757404,0,0.16623504498716493,0,1,0
200.17153375515738,24.964481020720807,183.98763002891087,14.66556324304929,0,0.06236398881196925,0.4303999199460004,0,2.7725329191538544,1,0.00920369014542708,0,2,1
12.032328453085004,92.62499113617437,613.7418631358215,1.7108582879415268,0,1.5269878117078672,0.4851813250572289,0,7.358661144361226,1,0.03632051344112994,0,0,1
1457.2962222886886,77.73066194187508,105.32763915356439,42.09062868969629,1,125.69977663660748,0.03745692534294091,0,0.14717056136112167,0,0.1882814269946528,1,0,0
30.0,1381.279813439198,99.29554440582002,131.30775926657887,1,0.0,0.08497721240948504,0,0.095471596424585,0,0.10899545858666189,1,0,0
146.83905936722923,46.101193458510416,188.38530145779987,0.34023854735981773,0,34.23675067878922,0.7197117716867412,1,5.582341919733408,0,0.0033175107347227185,0,0,1
29.42031340945545,11.850072087881028,474.1289970344092,1.1563486561297573,0,24.984024278975188,0.8391771737446404,1,3.983441581418959,0,0.05809493777968952,0,0,1
146.6733578899971,72.4726238645432,545.3817075485255,6.41430873796858,0,10.432831154165582,0.6251811527455094,0,1.9662314831479275,1,0.011850066988639663,0,0,1
238.63516649007798,406.74797112989216,234.41877207701225,2.315590300227222,0,3.0044348163857886,0.3089596032459074,0,7.304312014408097,1,0.040480022160872466,0,2,1
978.5242837226723,83.78410017449929,111.35061076172039,403.85641717129386,0,72.93970739736955,0.3821002395888694,0,0.3485578472846957,0,0.016422691760217947,0,1,0
822.7471603750498,339.62593725626675,264.25411723415897,84.77794981661077,1,95.86648568127704,0.45479866033385424,0,0.08165416011461736,0,0.10349599783233829,0,0,0
635.2802863169632,163.5098004206869,297.87457871676577,61.80919419712356,1,95.06418893422926,0.10786158343851174,0,0.6425890612486906,0,0.10085827423094341,0,1,0
142.3855736531005,50.54589727741669,89.98933012611958,15.714738947393151,0,12.47161088926823,0.5376461641385409,0,1.4852618592603501,0,0.16660711793242272,0,3,1
708.4063394320061,451.9023774701431,78.72444711024019,57.67515483453309,1,94.18328794923454,0.15578596776076759,1,0.10339531238056018,0,0.216365530618443,0,2,0
810.2403933586996,54.57748053684886,396.19832529449855,81.4391070447404,1,84.10140953426107,0.1546275864883254,1,0.31319408751195804,0,0.2185323156443878,0,0,0
17.1467699152786,2.1608734961158076,1170.4907234631453,4.407805525107357,0,16.801456532957523,0.7718636333852041,0,10.232076860316178,1,0.0075326541721060705,1,1,1
106.57829196315006,93.25894416823391,7772.403057517291,1.6776592520938332,1,0.2768165302509996,0.5695715203670871,0,4.6384837429859145,1,0.004661329381111321,0,1,1
59.770063962755806,37.405678912079665,467.72035789387814,0.3641029644375684,1,5.168688338146016,0.5059399830808025,0,6.309825333125088,0,0.020029029798650164,0,3,1
72.48200871314594,54.22357109956445,50.0,1.6986436168535373,0,12.123722275620313,0.4430587675147275,0,8.985566047103136,1,0.007397722519633393,0,1,1
4.7195040354678905,4.403048070492641,393.76078508499717,14.86323440855119,0,7.100219832140991,0.3011855009751947,0,5.263861658641559,0,3.3211636058625316e-05,1,2,1
122.14583256016783,0.6231802256112366,96.16472687810513,5.609321719647735,1,51.72068737485799,0.4054353704814974,0,4.52541453888418,0,0.0038107522023969106,0,0,1
12.996737212902293,12.290653047476738,72.5789382898374,6.448342439550295,0,17.060523240322254,0.4249241308278796,0,3.081918748442912,1,0.007511079925654109,0,1,1
753.1105399239351,93.6670023135388,17.303338666759867,8.280046909767865,1,16.038082249618668,0.2679346592934618,0,0.16381082862931226,0,0.06780249272781613,0,0,0
17.064335636611943,7.713938451528386,394.377459632179,0.15764588085284195,1,16.970537628061628,0.8342792735059755,0,1.5597283875433907,1,0.03244820834279321,0,1,1
1275.43449436563,123.25568491917224,104.51103858186372,48.15564570779712,1,94.15964824355444,0.4993944308641715,1,0.2208149435816869,1,0.12085198730009379,0,1,0
47.31989194259735,27.984438005527892,356.50658175187056,5.973576630713305,1,31.189466223556064,0.5372996575298855,1,4.484612250050685,1,0.02980409835361457,0,2,1
13.413407353907871,37.331939029516406,683.4698476989222,0.313519640868657,1,7.7004066375857185,0.8161368090108075,1,9.087924687497107,1,0.03334908536969038,1,1,1
123.2261917631403,28.9473622975608,852.6655497736464,0.48416810649484965,0,25.760727133636532,0.5965417825065281,1,3.8876721462702513,1,0.023707604257153937,0,1,1
365.12379435515504,125.29542950406659,264.8212995973383,40.47920337381192,0,93.05455539890954,0.13035555360692833,0,0.12281301433448172,0,0.314713238272364,0,0,0
24.97197870624604,0.9938034530073444,240.46680221275918,9.407103497797946,0,6.505021895409158,0.38149898965889883,0,2.919434548031412,1,0.11021273105504532,0,1,1
156.11306830966808,26.946118269425693,222.61215818947713,3.4380086044379574,1,10.360679744002743,0.5950728926338943,0,2.023258170853993,0,0.06069102097877629,1,1,1
1052.1833645151298,708.8704243310962,237.92085684529695,31.019455896250264,1,49.039612138210174,0.08169237415980597,1,0.19812991269406535,0,0.26805826144849737,0,0,0
1275.2255979032286,1129.2812646165387,170.06511065563245,31.980634919693063,1,53.15321842173091,0.0401561585629994,0,0.2312355382974163,0,0.13285665637483468,0,0,0
756.308319225412,9.90063285927267,220.610593113499,26.419665455608243,1,40.80790617472435,0.04146505878089977,1,0.08118406623843201,0,0.24327312993822342,0,0,0
118.67784700216359,17.222900688633878,117.40792736317616,3.8281947673258214,0,1.6430260663846816,0.76041841335707,0,4.818432516274884,0,0.01305899707551346,1,1,1
11.492074297983468,1.6487082397152542,1093.422415444059,12.64796591525058,1,40.88181680907992,0.4942934043906056,0,2.2672725890801897,1,0.12698682653939727,1,2,1
686.3736768317328,4268.948142479203,75.20370066418698,99.76442610474405,1,44.5407872039452,0.08420760884406313,0,0.03487851042144075,0,0.09039973366336776,0,0,0
50.1126902230049,3.847198907098735,1395.0878079164254,0.2563858212257093,1,1.9522938118295807,0.5937535954783233,1,1.708116982599577,1,0.0028276958109347532,0,3,1
1564.4802952184946,215.41829222815923,101.90605544050199,13.662548831682916,1,74.71129904216451,0.03350729042275372,0,0.4360213171653402,0,0.3490937792577777,0,1,0
1553.0008708534124,230.111383047544,324.0270914647053,53.9300365130296,1,58.195125618332526,0.09437736248631076,0,0.016075130454998376,0,0.22901371695498218,0,0,0
150.98381025971364,166.23827651939524,317.71389095157286,7.891430996700834,0,7.080416261687676,0.18522514552743286,0,1.5801353045903803,1,0.05755641162523,1,3,1
1523.974992529716,292.46719728924376,143.8158270520995,20.719514001407703,1,74.34129268681514,0.16389278074084906,1,0.23769948913162003,0,0.31965801579561043,0,0,0
177.93599789338586,23.580900082085805,190.3461261257678,2.087415966563847,1,6.6818017667363145,0.6923497793152138,0,2.7943402799796297,1,0.31571667025251293,1,0,1
10.808715215753892,72.28156523800729,192.9526563214882,0.5021475459786225,1,17.43243917067709,0.6861840128373373,0,5.822796580886185,0,0.010137989015658598,1,1,1
62.28830601158984,13.983860026269522,601.2210376954375,6.544927271311442,1,33.335034463570736,0.4823936891340909,0,4.87604753151452,1,0.01886786599636405,0,5,1
176.455636177881,1.6565018158417588,1603.738419282518,7.765314614072684,0,6.11612735851131,0.5022518241318259,1,1.0717529081293804,1,0.007477447486187163,0,4,1
17.99968753536428,4.465346402291496,280.2405468113066,3.066130188827784,0,23.223134449049528,0.3406015124060825,1,2.140171136861202,1,0.20129920578742108,0,3,1
1705.5580742498105,206.60619114711022,273.8039045067399,42.54257212360525,1,89.78013163507174,0.23571225992911965,0,0.3409935120838028,0,0.046043236973215954,0,0,0
105.8358230059971,7.534211934825664,432.57351301767653,2.609487957919248,1,0.9829569261532158,0.23961642757939183,0,5.759201623306096,0,0.1205249866608691,0,1,1
38.355866966542195,7.6760065695440645,441.995730557366,2.2374768115045898,0,23.13135163730047,0.588407655571013,0,3.0183295746607324,1,0.06710206084259608,0,2,1
42.38514570076338,92.17732460525556,334.60784250194774,0.20584389196572686,1,8.073486988078697,0.40537152923143116,0,1.5020696230683424,1,0.14502178076101258,0,0,1
96.53424266062203,50.700771172901746,240.97104269095104,2.711602304109486,1,2.8071752053813976,0.20662376121416737,0,4.7509540375358155,1,0.06956998929204651,0,4,1
479.921761518736,64.32409891121978,191.7954863204178,33.63016755831145,1,97.00162445844781,0.1661612750631071,0,0.14114611241300476,0,0.20655383588928725,0,0,0
1306.8818449831053,60.64792753041875,90.70607416357264,13.692804628198981,1,46.088083277469906,0.011853678271672538,0,0.33898201787215204,0,0.036837486998091674,0,0,0
5.947283090275508,24.277969436645826,1167.1288075541559,11.488281693201944,1,15.69764947894161,0.6720863955753684,0,2.5637041683805584,0,0.019684040260403157,0,1,1
30.0,165.4196525701601,85.45670183410871,26.87479106368142,1,13.907622422846877,0.019681317087656056,1,0.2600463468710207,0,0.08268113618662723,0,0,0
253.3292117183913,119.52797127879931,361.9923778879146,22.134402360617376,0,7.24386295507097,0.3757510313373368,0,2.714480205147677,1,0.13999361782795625,1,1,1
152.46958488639746,1086.1037132634092,143.00885379131276,31.92115789066976,1,60.6437975449962,0.03232785009910949,1,0.07596829343688115,0,0.25220762617897996,0,0,0
1917.5366513655338,124.7386025159903,77.2841586577873,55.551577347679874,1,72.31757697865301,0.014426737921059196,0,0.31262484067945767,0,0.2682537883611906,0,0,0
580.5610758783291,358.98489649168846,73.49462070773407,20.881694923308633,1,77.03864915022493,0.32447409583146697,1,0.024864066354604166,0,0.07532215222168412,0,0,0
1331.9140068490942,205.01210211396543,350.7653155235101,20.384984034233728,1,40.49903155314152,0.009665255555719727,1,0.2336800478820945,0,0.2506994859968559,0,0,0
1031.8586021782598,1090.004228284475,245.29139303077918,40.25304423952611,1,0.0,0.08923224778594072,1,0.14973745813301612,0,0.23016786331731673,0,0,0
10.822517069872033,3.0856795587950363,134.1476513065513,1.151600577155862,1,25.59896128088687,0.5975342608637814,0,2.9422282123388523,0,0.11495064219379685,0,2,1
552.0286941646484,62.345107373242556,124.26516994300212,75.50986153298817,1,45.360606337266674,0.12553419860154968,1,0.1523834023227798,0,0.053945546099515664,0,0,0
295.8868379605724,11.452688896424705,96.37938373964211,6.660575143027283,1,32.80302771180392,0.6680105173563289,0,1.8212379973622865,1,0.03737623657481852,0,1,1
1162.0939214063856,364.0343335016788,258.3234910970315,26.701820118382482,1,50.08928348897229,0.03197808459356221,0,0.08582243954432651,0,0.0530517201537729,0,0,0
16.840012029386244,833.0851435776011,590.6785719313363,5.029165792619548,0,18.99494020031699,0.3828250460484155,0,3.81545601252944,1,0.012123341636667067,1,0,1
30.0,695.5248436620952,40.07874714311988,99.3558845349933,1,51.06925387424909,0.1117346573892898,1,0.39009957089311065,0,0.003979978305137561,0,0,0
614.5281692391027,433.9959510678584,76.29618374857723,17.612017786967826,1,0.0,0.1674625778956899,1,0.4853747210006407,0,0.10322089605966973,0,0,0
1630.722146121101,391.3168507987033,175.87438017783506,129.24211968846868,1,61.37595731085037,0.22765636083109744,0,0.08830018311293682,0,0.2940225631052414,0,0,0
572.9267799661018,83.66198934910112,113.66334592115211,100.5364334819266,1,76.32150702596458,0.13203606629285902,0,0.15071505574000302,0,0.24617704285194356,0,0,0
12.777198112217087,1.5111731362333005,783.9755964951456,18.819411083617176,0,4.267161322972409,0.29309388864631625,0,4.700099457604605,1,0.06876129985888782,0,1,1
1011.5398713126376,327.832555490982,36.57864052267875,173.95073503481836,1,63.563721458615454,0.024313924792416588,1,0.1009880220791838,0,0.20631165869036355,0,0,0
573.5419276676439,2126.197256017502,238.3407964495831,29.178532452182168,1,96.71335032265048,0.18540352996374063,1,0.46869393552716165,0,0.15813055326987252,0,0,0
1016.338105677352,37.48071232119084,103.30093682514166,22.699572050034536,1,106.49675837771059,0.18371609445992038,1,0.07409951293097795,1,0.32669717981451774,0,0,0
51.47209353113781,51.02948313007067,309.4005224983488,1.5632517449904055,1,2.8475429994041734,0.1465358228054235,0,3.804811142010422,1,0.011474419539694183,0,1,1
16.67613815735514,55.49231367876785,1028.3538981927834,4.189317993901956,0,0.4221422547003069,0.709936999916106,1,5.269035413677199,1,0.03544307025108342,1,0,1
7.7593727996022785,265.27255899014403,1590.8395473015973,9.975314071692292,1,6.98897785598497,0.1867257414207149,0,3.0144753389273364,1,0.006002919823571815,0,3,1
9.854708931944002,12.525617219563037,1059.0123549215236,17.54673810631851,0,6.881250379333207,0.33336631327819505,0,4.037264269560199,1,0.00960040510055882,1,0,1
73.7200739321153,68.33276831538605,1398.8434332076804,15.93926992713211,0,0.03252319399771829,0.4170450547731044,0,1.4668925718436978,1,0.0012667668758787759,0,2,1
388.25125368906754,218.01966729994362,66.12804389403064,13.421920547036668,1,24.439421470712233,0.03936025444912565,1,0.2717011911246996,0,0.13568617142917444,0,0,0
15.757514845816177,15.818567666696392,1099.3899588058914,16.49746432229317,0,4.725392929258225,0.4668053435563823,1,7.446501404266373,1,0.05832996553731251,1,1,1
153.94327350260227,596.9063855137156,202.5871790676116,1.26793625399981,0,13.187238744703775,0.18489961129631075,0,1.2714640184856645,0,0.04954058066697651,0,2,1
0.3338721783205603,8.789326773529575,4583.8892717859835,6.850440452220061,0,1.5333099739473264,0.19378373121585218,1,1.7763571348641025,0,0.04179203093437354,0,1,1
981.3765325525028,82.85501608772721,229.6651567166097,211.40260098033346,1,28.856860372805645,0.03258045872207531,1,0.28126313936995734,0,0.18970032268465256,0,0,0
33.0385854357648,44.94303095562738,153.167344109117,2.5624503631287014,1,9.893944008857154,0.7766383602392568,0,2.333801848708443,1,0.03892823488489604,0,1,1
1938.4902645268764,4601.585394471282,89.25487265837177,3.256346709932646,0,63.75042754937632,0.0447191341620579,0,0.02971749896700845,0,0.059354161645787974,0,0,0
1072.3226131180263,269.02019727985675,134.46142678700267,66.88443149780767,1,58.53709702435706,0.13027675779510778,0,0.2842617031820045,0,0.22512243740670393,0,1,0
175.93637029247623,61.6180719530287,84.68110025115462,13.320079177378398,1,34.006240085459645,0.032339304261131234,0,0.0361532338453577,0,0.06694080391051178,0,0,0
357.80596388331674,19.29825468968277,372.7653078083069,41.39753490337075,1,98.65732588219487,0.18515277674617434,0,0.06289263638116592,0,0.03148790104775561,0,0,0
54.51565715792232,47.894822348026736,648.5828932781118,8.675230732908975,0,7.709110171966685,0.8319685506250518,1,4.429858969829047,1,0.007989445769716786,0,2,1
1021.2483956356108,1373.7950902123937,102.76788878996463,18.746648893172956,1,100.72235350072658,0.09723664233357894,0,0.04672668639493559,0,0.17042676298509907,0,0,0
20.320882146179706,2.2521922203854388,512.4150095991984,3.2135437769496793,1,7.035231771931754,0.08969274989851264,0,3.2892573423323954,0,0.03967086961200321,0,3,1
118.38722990676774,14.363534058134388,717.3248826941268,5.820042177103338,1,2.7796928307576856,0.40454435809264483,1,4.084840785957946,0,0.026959968511652513,0,1,1
670.6623575303335,227.62460080771442,69.61850153980727,106.5168524114968,1,48.4878045383318,0.08030969620935052,0,0.10740327262402052,0,0.27581025498401157,0,1,0
171.42209007216672,1810.6933792180214,64.23005249474744,32.16015620672021,0,16.967241092414078,0.11661745898909577,1,0.07989095904492846,0,0.19553136522924316,0,0,0
47.43334224670418,1.7552986703115776,330.2439523632664,1.6159935242603687,1,8.035701159471962,0.6694102941801177,0,4.094121517624124,1,0.017807407483716824,0,1,1
814.7962094178978,149.90476682075766,202.78999323217477,66.64034483806087,1,132.2363087479834,0.04136266516021616,0,0.48220447456902027,0,0.14420525945305468,0,0,0
32.90414963076044,147.16885334344818,197.56517725841812,7.886053191951132,0,10.485896997477083,0.4522395958628344,1,6.956136648692556,1,0.02256756363367342,0,2,1
27.51789882468484,9.951967208540927,495.2586144363205,6.308228518820274,0,17.257324628340466,0.45775908865518855,0,0.8934131390998946,0,0.05085927899641049,1,2,1
1783.9649567899414,956.4786046601995,176.43316388013986,14.483617683821892,1,20.62747257142459,0.22701050013137508,0,0.10035990832300695,0,0.47970356448864876,0,0,0
12.238336361529338,6.134154954300288,274.2904109039308,16.047661602997024,0,0.05625423140751818,0.6988166908247904,1,0.44168916861797936,1,0.027444588659211074,0,1,1
116.72738210140929,13.53947014592495,285.30539308377723,3.4007136261403166,1,26.429896887044148,0.6818870234292644,0,7.35646535567361,1,0.01873441319880954,0,1,1
43.2043411830563,0.2139455266768255,1479.549526914242,3.1540731735192518,1,4.278195870608656,0.7241860165521592,0,1.9392706075255632,1,0.013084188500986577,0,3,1
2352.5335846202033,104.71920857704569,95.08274409388022,50.02297128438397,1,81.54548507514508,0.08297077874756438,0,0.1369324505117708,0,0.3199967393017272,0,0,0
1064.3310011412404,787.3500610152673,181.71489261498073,18.419447398303028,0,55.963275181743235,0.017706349090926908,0,0.08173724960150217,1,0.16503209749243458,0,0,0
4.759515712025372,17.043719276833237,944.0839120858532,1.4358010932121332,0,12.892441646970326,0.5268934316291654,0,2.7382670008794188,1,0.027668151930039832,0,1,1
11.882630463309805,7.802533821698554,1183.35897989598,7.44737003125074,0,10.474206211056735,0.4088544962007796,0,4.986605693592891,1,0.019447077854479963,0,1,1
1023.8329505544716,22.1568146136096,182.22943469685472,4.663482849415202,1,49.07061318876715,0.10264926494910448,1,0.06244128882336352,1,0.24022659832025026,0,0,0
910.9260727617215,557.1858475359553,164.1590041617872,138.0868503668319,1,37.02298626134466,0.12804174783807598,0,0.11354632321710506,0,0.19744510460480602,0,0,0
53.424615529076874,1.1406930505003712,50.0,4.044859141573548,0,0.9431174677222589,0.6642607718943841,0,9.080453672170878,0,0.055205007155618074,1,1,1
126.09080306759344,15.649782791026135,537.1282348284045,0.1458689651780417,0,33.357715118020955,0.6665503768513688,0,1.9005945480804822,0,0.01926414914378582,0,4,1
16.634865559856024,16.554544191444638,815.3198139784287,5.717816301865874,0,5.407073888308343,0.0986886067999993,0,1.7028727634538714,1,0.017002634261385794,0,1,1
49.61163994582384,2.9840452262156902,76.84045328477286,2.8534585159443195,0,6.940381583286322,0.6649549659834539,0,1.2514406794148512,0,0.027101422990601313,1,2,1
976.2812560512343,125.3018134930195,119.32510940288073,89.33062790265818,1,48.58147114316601,0.09743720064012776,1,0.18308509459935374,0,0.377634851631848,0,1,0
103.27287078871846,2.073245336306955,337.2785136844116,7.569143161482515,1,2.181924805416051,0.5862232974283472,0,2.6494566217293927,0,0.04977590528515979,1,3,1
1554.7753424302634,38.983625199908836,107.50950895327026,57.851201816766,1,0.0,0.22189508728625656,0,0.004885159529815215,0,0.07179735878267872,0,1,0
38.849394661159245,10.335471146198339,718.7958047419767,14.148005362953674,0,13.851461916214,0.13489313481457954,0,0.5197199821540568,1,0.06762706844511893,0,2,1
1068.7872743994667,88.76084396716664,312.94410408737104,27.19012680131641,0,25.453069591208966,0.20007463022083707,1,0.025569986184139127,0,0.08681771672845437,0,0,0
639.7057935722945,56.058744117380435,93.5181612869562,27.492107987495466,1,71.88746183496728,0.09915064042442051,1,0.08648636043316418,0,0.41255845546477504,0,0,0
37.93896898316481,3.466199616921883,390.1611610120208,11.16854315691399,1,21.420863141828697,0.20544391111424914,1,1.041896583112676,0,0.08639101443651295,0,0,1
9.817544884261496,6.188266762877106,519.4684438041987,2.8353630433061108,1,10.941674571029811,0.41806676793597086,0,6.348709804274548,1,0.04773237159213728,1,4,1
97.08411458323695,35.808955548464056,325.7464448532734,5.5675276932746804,1,15.295765376036563,0.5336005865191521,0,6.852870670059293,1,0.022790745499754603,0,2,1
137.8006344820693,374.25726978684753,122.28806365952231,2.97316362926036,0,72.54741621319384,0.27443660590255836,0,3.3153078672787117,0,0.019062261942565977,0,1,1
628.2522460336827,567.2883840268173,556.8667424927769,25.983350563090628,1,97.84811778780013,0.1772158114937431,0,0.029845017078300475,0,0.28185099174320777,0,0,0
109.20280027302886,387.401988408885,188.8500630386862,29.9396885904685,1,36.41519091368038,0.062084618090057254,1,0.3665090221295184,0,0.10581683678419915,0,0,0
73.19364091492584,45.825412248928295,3328.5818584245417,0.46274276505369183,1,8.473779371186188,0.4232049720506178,0,6.416024704712223,0,0.03672040777475836,1,0,1
30.0,315.428388799389,98.62059771823672,40.267236907726755,1,3.781011359661619,0.1624317775174629,0,0.07970206910965551,0,0.3191679824254319,0,0,0
99.24789673161231,14.225747136286415,141.12111010265593,25.418376364522558,0,30.461109052275294,0.5660243960236213,0,0.16087392014893107,1,0.08874742772528683,0,2,1
873.1087245908398,2084.3286302225792,561.3608056876728,56.64665239331593,1,41.572265621935976,0.4034391769038208,1,0.14767343201795088,0,0.1359139925325793,0,0,0
181.61444683267064,19.81245954595866,297.145827929555,33.123569879151404,0,23.585730457309264,0.4078874887179198,0,2.3371697626021084,1,0.028852137128626117,0,1,1
53.43470254396905,146.83029221688167,587.8402099667429,6.088376443921119,0,0.7641637029735077,0.2766321519611085,0,3.063293254551067,0,0.013931512634210053,0,2,1
10.576327703454618,163.49574538134897,1873.6666789013461,0.12165802449190727,0,83.85145484401457,0.39404824989142784,1,1.7906580680470885,1,0.010828712048287116,1,2,1
926.2333991781218,145.82287118532238,40.51197407110717,26.715022705984264,1,58.63747798303058,0.06525279822581576,1,0.28860167129657854,0,0.13959588000424222,0,0,0
1485.6235467336596,282.32842850309845,100.75578012749742,18.356090312334498,1,92.87971476293633,0.04942924877082312,1,0.14659566124849685,0,0.18732986204948868,0,0,0
99.32860185230929,7.502599988156458,815.3035375534106,0.009718238097543628,0,11.477380109448253,0.6043039655844177,0,4.376609869089399,1,0.08271201057650429,0,1,1
17.860461034974254,394.6935107900469,389.267563747519,2.896218449480252,0,26.543597188268638,0.779579588893201,0,6.618551402588565,0,0.05131004729686015,0,1,1
19.457205346206628,41.92948979627769,610.2623762037312,12.353429984244666,0,3.27509373612492,0.6398534767409968,0,2.640103034593209,0,0.1783901760618221,0,2,1
718.4730767174641,1098.9055514649058,24.25730778895137,27.045185958383332,1,146.51331766194141,0.09890796608641952,0,0.35481160113896204,0,0.1253332729030251,0,0,0
7.930265299914536,8.576961722008237,580.2519968237028,0.8738549735712564,1,7.997147137281141,0.37876439583602817,0,5.35583245528038,0,0.03840457996301295,0,2,1
341.30794350519614,112.92901728840883,315.1698539011094,75.59361354751917,1,98.71022020259753,0.04718098546808274,0,0.11228126916351662,0,0.28609727505936944,0,0,0
29.06308010134717,332.27365294708363,275.03170615369334,4.59569963425521,0,6.591640397984001,0.6764047296241131,0,1.8034846101112925,0,0.01615363315147597,0,4,1
379.28841449605585,149.94579323302378,77.59907850931438,5.180021070256087,0,0.03520166105707523,0.2129590018651714,0,1.442350764169737,1,0.01713980495154757,1,2,1
15.773765435946578,73.05259818466402,713.5245499077881,15.495016520880412,1,7.460883380526444,0.4095918218100559,0,1.210109611263136,1,0.09442076511999185,1,1,1
32.822938490527605,8.382077954243035,255.64305315351965,0.057657469278706824,0,25.8802486839734,0.3758642064893392,0,3.392264472817585,0,0.05174425860044439,0,0,1
393.14131677980055,1766.7072761784043,47.853177581508355,63.847545785560925,1,64.8378198916006,0.036197830205539135,0,0.0718086642629667,0,0.43967676063060845,0,0,0
1339.6989874314143,70.72720812576812,247.0046700474139,5.216897710796903,1,82.4255188571022,0.18104831568768798,1,0.07705726210194351,0,0.17008219252570111,0,0,0
1073.8542262254784,193.2021715370991,113.13068759503386,70.66885573829751,0,4.654122647115251,0.037591527755511056,1,0.19807442520078528,0,0.2286092330502479,0,0,0
643.8786354642314,150.4569326527067,47.11999034690595,13.078107352570433,1,45.25964560699957,0.07572900825608994,0,0.05411560501609856,0,0.10881902441414906,0,0,0
303.538478258943,77.70906698380601,148.96235287087032,0.886937840527995,0,2.969998364802495,0.5760501553816296,0,5.09118590192848,1,0.0071243066713846896,0,2,1
1274.7169498638702,33.57848680271838,129.3961934735736,316.129834347444,1,23.35178977317409,0.07129940103465125,0,0.166628335611228,0,0.10213249094962493,0,0,0
30.0,50.1697983428626,232.1435163770462,33.0798919756158,1,85.12039630625222,0.051008546851177186,1,0.12816215747503065,0,0.14993994883475,0,0,0
98.87022947053731,322.26624720307024,188.70066883826777,5.761897065384581,1,67.54277892556148,0.08371905277152314,1,0.08709110937439529,0,0.06541723541360538,0,0,0
23.65415071301731,18.64099089683268,338.43163272349705,0.3060258420732871,0,3.9198226693619658,0.49493041361927387,0,8.024072326132389,1,0.15895444919651008,0,2,1
105.47636873783867,48.802716612320246,200.37138614367393,3.661940121918252,0,4.506937835351075,0.4947067719267391,0,1.4679256151038764,1,0.04017252320842133,0,1,1
102.42120070357538,10.828619543989241,547.0985955679608,0.02180734618805605,1,40.98592337211579,0.6108545806667286,0,0.929810175422416,1,0.01054757002733729,0,3,1
16.212575315117697,12.748063104798158,331.4741133665597,1.00139453402354,0,10.232730796994895,0.8262985049489053,0,5.018483736828625,1,0.07208038581565031,1,4,1
145.6246935235648,6.929313154279584,309.0506835189561,3.857879424590081,0,16.555580020134396,0.5875546407871783,0,2.729622366677262,0,0.07713013690445127,1,1,1
1702.1271807585704,44.69177538745092,20.669312309624576,86.77404348631198,1,24.314542214139493,0.11477983215392866,1,0.03252687281346304,0,0.2517881165953924,0,1,0
1123.265588014972,146.97632606733893,234.9469386890781,81.21858066587197,1,30.4137837257851,0.08384295808456675,1,0.04879952732085665,0,0.2672706757766723,0,0,0
4.206549322770921,20.18089942614192,498.0137700033946,2.9197368335645715,1,4.25308406022178,0.4430674392766606,0,2.9591448750073854,1,0.0364706263107465,0,1,1
53.33261353270363,4.008349362721069,107.89146422935724,1.3054788903165977,0,5.369298292199591,0.8080123711142603,0,4.442759024850652,1,0.03234655700938731,0,0,1
657.9152833332107,133.65351072719983,333.2023152674693,44.20262925901111,1,18.67919810862783,0.1589025733204371,0,0.05321263912312479,0,0.16672102512085168,0,1,0
550.5347857106269,990.6576768899818,266.4492514640527,29.49311301864536,1,53.90389032225805,0.22346396461692736,0,0.19919900883988828,0,0.23622240202306782,0,0,0
788.8886514506133,195.35038862670285,150.8183824013322,185.46403193184318,1,87.28352972700075,0.07018878808533222,1,0.18481560855719492,0,0.06086667838478388,1,0,0
604.4482874044472,366.13770591921644,29.236253983914608,15.848139219257769,1,80.48366359755997,0.1578905212989088,1,0.06380018156450805,0,0.17349077816392705,0,0,0
69.45940982964765,10.358714897307088,1122.1347658969128,8.797246333757293,0,7.335363453514498,0.505768513117669,0,7.588801004302251,1,0.023717597026658366,0,1,1
741.8787038282089,418.9364495596364,60.12298997349526,44.673504847447575,1,115.51013408359535,0.15976264009476907,0,0.11964750254768666,0,0.08150727004352468,0,0,0
92.63971239809918,387.8879669369768,215.8083362159672,10.05407408188606,1,60.74992826294799,0.7692344516326209,0,4.940120396560412,1,0.06074958818387281,0,1,1
1291.1751712088308,167.0865834186779,44.061609327525936,82.3237998647625,1,79.25888100617948,0.014556094428589997,0,0.12106006047449888,0,0.4775850133356815,0,0,0
125.63386271395332,68.03750071096944,1337.729436379011,1.6731790063203804,0,4.711704557764348,0.39253166812043144,0,3.535815233391415,0,0.022298541517257367,1,3,1
287.7654841397499,191.8096009419632,50.944953787876614,19.22211087695241,1,38.31249559450959,0.255021922062422,1,0.14997085025733564,0,0.26810242141859086,0,0,0
31.742033607151157,47.085339449912006,634.23028754272,6.117045286462819,0,7.88240782868806,0.4962208355216875,0,0.43355375863387013,0,0.10628855061854103,1,2,1
1048.2090004043298,339.3982905545797,71.87318776975918,42.90660694820734,1,105.74498436914055,0.2691240131046873,0,0.2635650692522669,1,0.210271967262816,0,0,0
869.3378270855764,115.9722647628698,102.57692018465933,32.863265563786676,1,34.08194628246081,0.12467126577632139,0,0.06531688807989826,1,0.13112155168634365,0,0,0
696.7924918076922,5214.474227747518,49.49072380740146,47.61515431741601,1,47.63647078603371,0.16792416030308716,0,0.8405750335556776,0,0.2500268747422983,0,1,0
15.560940896257717,136.62396774018103,187.7135824723665,8.549020151061894,0,5.255207260449002,0.42632445012325465,0,9.83713705029205,1,0.028167261951959205,0,1,1
124.27354538948553,22.15785504813337,358.59180046746525,11.261163499151436,0,44.19124203031167,0.5420432330688749,0,5.040231498511248,1,0.0014567506579044847,0,3,1
103.47071818111164,182.66500166090154,2765.389604371299,3.692703809155419,1,7.407984815186727,0.48781146060553415,0,1.9095914125304227,1,0.013356126597112883,1,0,1
461.5696109162059,2406.8455215173,71.40009500518569,123.33493397561888,0,109.94446685292642,0.17804701785502874,0,0.005739606380692725,0,0.22216276825176146,0,0,0
16.70240541477935,6.103205279802802,338.99934286065974,1.9888344120962942,0,0.8977450871962018,0.42153757252613144,0,9.18235343366225,1,0.021499433681976356,0,1,1
261.0312128401904,248.25683039404714,119.17131658320766,10.232901549517953,1,38.711609473194954,0.22615873166394823,1,0.08884952885220912,0,0.16687697455425599,0,1,0
256.2887093629845,379.39177077823047,153.2441371304307,14.972742489070711,1,39.280741729450696,0.15839149635042188,1,0.20138190785957497,0,0.17809788100713558,0,0,0
762.4288743866581,86.24079301507777,225.78783227672074,37.13214629003863,0,64.86891089165572,0.10376890309724753,0,0.6540457579517104,0,0.12176540368754178,0,0,0
45.98791376750179,5.979996815731787,528.8642903474972,8.137515590966636,1,22.81383181973309,0.4282924602337672,0,2.1152280246164095,1,0.045905121957944536,0,0,1
363.9334892865704,522.9205275403208,55.327342019650295,25.312145821965114,1,54.054393074709125,0.156902218921526,1,0.03716155844945592,0,0.28667687011214116,0,1,0
12.551546215570642,3.6088699705206886,2051.8401980867766,12.405049833794179,0,60.390297502892814,0.6499479613684153,0,2.3654423921894816,1,0.03146032114152344,0,1,1
692.3213699101573,747.7030234168727,771.1443170328962,6.152498035244075,1,79.4815832987144,0.023494276625785362,1,0.020055496154730252,0,0.127318177040936,0,0,0
1232.6925544863932,356.69913545973594,139.17960705331913,137.96002137010473,1,90.06661203622075,0.2674587718726524,1,0.21797124196079257,0,0.01684323549658418,0,0,0
6.84285131802022,9.667713492643983,498.75609718913455,4.895622126578424,0,11.620026982426916,0.5809853038063584,1,6.240809178936935,0,0.1463956091539375,1,1,1
664.1119831808321,2107.471286866215,105.73435248405256,14.893734475820116,1,8.297721278863897,0.08626051766008774,1,0.20593991160144456,0,0.2637645444382292,0,0,0
62.73500912839372,265.56662644157984,502.76272854662244,0.619669557327609,0,8.468870846029542,0.35409366674975395,0,5.823134667369076,1,0.09497003678068981,1,2,1
1488.7059444888469,99.2749211366151,128.29477364094245,68.68291135402069,1,52.39997354232901,0.3019579305445161,0,0.2628981375196841,0,0.17906634457483223,0,0,0
826.2356598798235,399.27220896377025,108.13188435159525,19.72235926483838,1,3.0185225117076087,0.07743787452381164,1,0.06302664395904964,1,0.2964711724735263,0,0,0
860.1408945468005,16.40961184499662,22.12352868655346,4.171912873097475,1,86.97445737331671,0.03278022645450446,0,0.2534249593041016,0,0.38996200956789245,0,0,0
10.541205741193531,8.047971845108416,269.9456013693761,0.07345495018199819,1,17.366112369197023,0.5796890669687481,0,1.5901737819765465,0,0.008958017520998344,0,3,1
157.5236529558147,18.26577965083778,58.8636437388845,27.360855042782717,0,3.166079495295289,0.4878365482211725,1,6.652863237665115,1,0.03225368902242443,0,1,1
797.4191555669779,921.1427865389965,124.40456309595164,75.87835996054683,1,38.2488311347779,0.24503096001752045,1,0.42005240063114135,0,0.11166611696081341,0,0,0
166.47737730450467,218.7745221945905,384.1236038759235,19.302155062725042,0,0.0,0.026291592427654255,0,0.055611831125158086,0,0.027323005618134603,0,0,0
199.73171449029152,2.943882361605174,173.06100028737305,7.806069799465087,0,8.671454192924287,0.6433067085087856,0,10.229763587190163,1,0.01790329168129466,1,2,1
906.2470593638437,1477.4151630202634,119.27276718306341,55.67874741879691,1,75.23388850098723,0.10632357276590386,1,0.06345255282777851,1,0.2124165246767236,0,0,0
736.1634528190195,115.15979660292659,362.97209592378744,257.04230601292204,1,55.946877150988186,0.07276254024373305,1,0.050055679478353286,0,0.3108007312005563,0,0,0
728.6069245678103,98.02395135262917,36.830095801018,76.82473073770419,0,158.50566086431564,0.10031390335391711,0,0.060178017708435935,0,0.14390909436480126,1,0,0
287.1971181163759,1237.3782987263899,33.642259580128595,288.9475984032542,1,55.309047271672206,0.21200642164814226,1,0.09964574050561464,0,0.1604157583209702,0,0,0
720.9916559627854,158.01249264625173,300.55832572485275,57.842754323324236,1,16.333027029967262,0.02641725876067305,1,0.0013317156415111712,0,0.12218202493647304,0,1,0
21.62337286122609,116.39102740475597,550.5712921566784,4.14007690176712,1,8.168705268000725,0.36220766618305017,0,1.8825125204306477,1,0.11697987056197111,0,1,1
1700.8894456604576,160.59041886182692,37.038414978233696,31.531422938925775,1,130.46362591781102,0.1553399265436524,0,0.248017659187801,0,0.39838367194768604,1,0,0
780.3221862634879,71.75543938593445,314.9238459268978,8.910188696203077,0,80.69622550983695,0.045542950442153514,0,0.34985828666335766,0,0.32227037063525654,0,1,0
34.34567204041319,3.8757840230322236,261.6854967334159,7.374334126625577,0,17.202659290212896,0.30998104409053107,0,4.082661535840067,1,0.054567157773475095,0,3,1
81.72572089592157,49.99372313598875,115.49652181364752,6.635167630442986,0,35.735119076341284,0.7621694318173741,0,4.0678971516158136,0,0.02355776662404169,0,2,1
1052.3585398772157,454.17949506314517,42.1808823437986,42.7907984256138,1,56.85942305309335,0.17011441245967202,1,0.0069582971525337005,0,0.1465986892928928,0,0,0
1250.976813110635,214.5019827776035,164.4122179671811,54.07153291831572,1,59.710204062464456,0.058905876893297744,1,0.23436077334316535,0,0.34982257004872896,0,0,0
998.3880483284786,101.98805273261495,300.7116572888053,36.79841917569228,1,71.37096515886046,0.14450063205446081,1,0.10871113862477332,0,0.30487722521314264,0,0,0
1160.5836278660563,245.5724337249478,94.64335287116023,146.78102134709016,1,57.42824684433599,0.09554191700546825,1,0.11547870964781806,0,0.02809943524504375,0,0,0
33.05883197393842,4.628068862241937,555.8207025329588,10.20544125641524,0,26.803418919468456,0.31697360892450716,0,1.3221498724086995,0,0.013534037596732103,1,0,1
18.34486168233368,20.138219358026234,486.5382508658856,9.874981967640455,0,10.093112022060094,0.7929088052440587,0,6.417379636797616,1,0.00769071499724532,0,1,1
1964.2348662175823,594.6762165508642,30.36931481118299,33.18231357140833,1,52.036470462287284,0.23891993750248441,0,0.04375060327045951,0,0.3974896077968063,0,0,0
936.0647538569348,190.02810509317732,191.0181281523643,165.56043161227032,1,123.917327141738,0.13653856746047074,0,0.08715613884154844,0,0.060839851330527904,0,0,0
66.8192178874451,3.075234442748809,732.4085601901858,2.692035177108411,0,17.494945197933987,0.554435023258697,0,7.980586545851612,1,0.020408001873192395,0,1,1
820.6825814806558,248.07758748647038,99.25525278430602,47.56288469964192,1,83.39461898501033,0.036062563222880165,1,0.36824468835138746,0,0.15464921646743623,0,2,0
62.49165328586796,4.7497043145617,69.53967217360595,0.9414602854838429,0,0.6500635025462321,0.18353416802081032,0,7.331922241795262,0,0.02474676106459899,0,0,1
55.71218218804108,53.92041664217031,635.759899553161,3.6672297887532332,0,16.374681191298475,0.23591778910210515,0,7.5812911098358695,1,0.037260997146164744,0,0,1
15.485079769781807,2.951045901288692,154.27303915194176,10.416161210099222,1,19.846029551199184,0.809767792643251,0,1.4758687935757364,0,0.04462683616274712,0,1,1
1001.1530959155969,741.9110139058545,217.8425467085793,19.841699550890556,1,78.8756593530006,0.10602733488576678,1,0.09498294429661368,0,0.44976394611321874,0,0,0
810.3866872751225,127.51002675634582,42.544792724528556,36.32678157559821,1,4.503881888991053,0.048315074736826134,1,0.020558623371079197,0,0.230273687019522,0,0,0
329.03088692879794,7122.777548601139,162.65315177682606,355.9563369850685,1,26.989402647071365,0.08387972938611749,0,0.08218536147697618,0,0.37335640577190177,0,0,0
15.714832437938554,31.03050483986371,480.1277623475867,2.1170477959627862,1,11.805051704963018,0.227989760695483,0,2.0337310230222347,1,0.02230507712976697,0,0,1
675.7178959858228,107.444752861044,102.36039930143949,59.55080552364726,1,38.103156275951136,0.1818400467201902,0,0.12101325965680605,0,0.11718065842993503,0,0,0
10.12949933814414,573.6961242801447,128.31793951814475,0.6925758424754919,0,0.9439252207870855,0.6840018679730727,0,2.8127500445794555,0,0.015886531725757345,1,1,1
85.16470309189646,21.319911300814766,108.85089809680727,5.912119527114979,1,59.350310682945775,0.3785624154308959,0,7.178118611246008,1,0.00854291426253727,0,0,1
949.7387365078692,61.39334185735423,202.91609642847197,201.47455491871344,1,50.12949313226766,0.3302623761429483,0,0.08123891247404268,0,0.10556179656210142,0,0,0
110.65250360338175,25.601311851040933,495.8166131515592,2.56635411709161,0,16.36462211641959,0.4078177574595549,1,1.806159720472231,0,0.008659933940978488,0,1,1
440.2738569991943,103.89182474764988,90.02111447753533,22.695983851885387,1,28.37629436983047,0.09471145769302942,1,0.07285952119481165,0,0.12913021870597463,0,0,0
833.0885177419794,23.942130290906675,506.8700785262017,23.034859539422126,1,91.82058607748567,0.2941450148413132,1,0.12379822819624302,0,0.16135864383295145,0,2,0
20.3060552293318,13.060499206444687,328.98860074956957,13.164012671543194,1,7.44978030745774,0.6186830831405569,0,1.4339176603117156,1,0.09926305313127863,1,1,1
535.4580811281958,99.13967350606971,146.8716225510266,50.65930719181118,1,95.59419668832496,0.004612727886101105,1,0.6645662321203941,0,0.2503862531500907,0,0,0
392.2104593962292,295.8175567270747,537.8586783984323,261.0343519042848,1,86.20848600938669,0.05921590678777009,1,0.5684641847311895,0,0.15907016812799837,0,0,0
97.75997354794798,55.4321190599644,853.3131441331275,6.465832663764029,1,1.2475504787958975,0.5269084536456677,0,1.6746402884428513,1,0.08327472048077318,0,0,1
1234.1630090539984,953.7642986407482,76.17670555321736,32.553536014095364,1,95.12167018071824,0.02010147042033218,1,0.4315106353781206,0,0.17594598967747843,0,0,0
60.28739910178942,0.8164469042754086,101.63646143993495,6.964672364760283,1,16.96324497635132,0.7951371823436241,0,0.3513120301975456,0,0.045009230796520305,0,0,1
24.216776149885256,26.12591707363461,412.77327054100056,3.198968914934608,1,8.84829518899706,0.33698026624187266,0,5.520225192589123,1,0.05569798746242831,0,2,1
83.70424690345,115.33082501074321,410.9692586691132,2.1501993187729225,0,3.71245452826196,0.3442457205947548,0,5.191878856196929,1,0.012526421412463844,0,3,1
1810.6494254065542,179.83055749961426,151.2711495160884,7.2003045982404785,1,72.71420777366357,0.005315251977385986,1,0.184670667363752,0,0.18106270424251847,0,0,0
349.72186895735655,73.71862387721029,197.67960278579434,1.031428605564956,0,3.6398514613636057,0.16110075006994978,0,7.295180166723905,0,0.0199462998171394,0,2,1
1347.592490985843,511.2808319519763,81.88197880974565,16.793252608035854,1,91.12711888203222,0.057938980499550645,0,0.64736332614473,0,0.3005735220071583,0,0,0
30.0,219.95968130137132,63.066949775691356,141.8043749309483,1,60.440247582314164,0.061587741395994045,1,0.34526758685755704,0,0.10907187252884983,0,0,0
102.87788461129932,14.974321012392206,376.7238649552738,6.060178837623647,0,4.167663604877142,0.38212599530818714,0,3.1813914565318706,1,0.13530371965985147,0,1,1
57.50141531587984,30.48653296712702,1610.7623976700606,17.921328072320975,1,8.649555400022606,0.2263126157177695,0,5.24867360013901,1,0.07134540517541894,0,2,1
321.82616986733353,682.4046949180542,131.15124914114733,106.63103878738487,1,63.96796883088282,0.08531342186734134,1,0.09434620030725302,0,0.21641193871114991,0,0,0
1106.9451426863466,1033.1498380037167,111.72421573574687,68.96929560905802,0,87.2590400992361,0.24367451654299768,0,0.20762081571129506,0,0.4259608528668045,0,1,0
12.84484670930015,0.865395063621613,749.6888301824791,10.433055190841817,0,6.040008274568007,0.2969600177594128,0,1.1018149412140867,0,0.08789711396051333,1,1,1
141.86726717580413,1.4104318816537815,475.1558461488851,1.208329882686875,0,14.253568997045317,0.3699887521764586,0,5.387733333696876,1,0.04764837645874616,1,1,1
30.0,256.2868557883319,51.55447102473443,110.01759916259053,1,46.79824938238251,0.1755859738377836,0,0.15476656799038657,0,0.22092886173572304,0,0,0
837.4954848402111,234.4558076413898,57.272640577474505,86.96386723491199,1,8.610768404590345,0.015792054045515418,1,0.5160255710950544,0,0.12154225986563794,0,0,0
69.94970812914167,12.47410440540771,284.956286796673,2.875048816167081,1,15.95883375590201,0.4551291578499274,0,3.14724384200329,1,0.1689010408341497,0,0,1
116.4432172131114,11.519314165772833,232.7138122014205,0.14633758802341496,1,22.694672057166258,0.5971043543378999,0,2.0792124700526777,1,0.04602911843766963,0,0,1
1133.754671126023,92.95182189954608,14.565173931217954,53.903458313174575,1,43.0111328980057,0.07163073431087853,0,0.13533918703484363,1,0.052387117116378994,0,0,0
52.53088967733042,378.9822647820781,790.2440713501285,16.339959852200913,0,0.33134625372814647,0.4607904327591188,0,4.04887367502141,0,0.11098924601931905,0,0,1
665.2988298986381,632.0459299102039,42.05099789728733,13.874939477233713,1,68.9772192455239,0.13767289606528285,1,0.5725612193264401,0,0.201578646736249,0,1,0
905.7130277803296,174.2768455211045,123.97785599508715,17.533238378378194,1,62.27300806427599,0.15473349845300025,0,0.2838538737909176,0,0.07353718472707231,0,0,0
448.5364109564868,28.779595439038054,164.27769015203197,76.21842682789784,1,73.03139460211068,0.11637957354025273,1,0.03068850511636077,0,0.2542652458929379,0,0,0
211.65692622184565,262.4155188086899,51.42822719520278,28.675659722225276,1,102.54188457741927,0.06553306092116487,0,0.3055402332620903,0,0.03782857312123011,0,0,0
291.7199253094361,496.4368391673497,56.39935924225239,30.3659766146174,1,90.21027585464486,0.14582247603345944,0,0.11637231748518045,0,0.18627562055426114,0,1,0
1384.1391772957404,165.9107436436038,82.61687992031963,9.615166893166828,1,57.4800492646074,0.2357457364573527,0,0.2289634734430044,0,0.0898200362879564,0,0,0
147.42951049472066,1.3121446118752254,50.0,2.6053789923987614,0,41.24637046074,0.6682094934984131,0,3.3169062143033776,1,0.021513315771927166,1,0,1
46.771618052383275,5.21903078160961,477.8205845928057,4.588301797873484,0,12.769265728077437,0.4002300411794656,0,2.102683609537965,0,0.008075550733921506,0,0,1
1434.2357779945191,104.11307308714845,40.41775340336823,57.209904437600876,1,61.967197858120315,0.16452550001344995,0,0.043700383061430155,0,0.0699373895956667,0,0,0
106.39724888605372,58.556084162498834,1930.8595855532708,3.834876925087945,0,18.746235920190163,0.32927947673181335,0,2.7994903106293365,1,0.06894083700780808,0,0,1
455.9330731331738,19.500809740610503,141.73185030229197,13.334782133712944,1,6.950782747028491,0.11051285707800987,1,0.26600058218915956,0,0.09144988526524482,0,0,0
1635.7459864965786,149.89478989419436,73.84496868893531,51.67950051309081,1,53.78828795172444,0.2576982024020354,1,0.2707339434424926,0,0.15806073589289152,0,0,0
1171.5771341525974,566.2502272002828,54.54177129038153,45.24463342998704,1,112.54325523395235,0.009658853927797865,0,0.0658095526169388,0,0.17855075677242987,0,0,0
640.8600788168626,267.96488493070916,199.10359444918564,144.7934543216308,1,44.46344272534353,0.03357170225551862,1,0.09360078461179004,0,0.1726138613116515,0,0,0
5.7337963382679025,47.38034071621221,574.4233029001899,4.152849297144686,0,31.646395149358565,0.45707594182203354,0,10.418612132009153,1,0.018212108595738914,0,1,1
1096.4137341299595,858.0297132772693,287.8025585944933,60.643865498585434,1,58.588016471309565,0.21610519225101837,0,0.028258153326977987,0,0.3376225060892608,0,1,0
745.3267301398807,200.2740109981365,102.06161479391228,7.4730787476208,1,48.947367984574804,0.03866344541203736,1,0.4774111635707223,0,0.21531567436314625,0,0,0
0.5209611989906219,1.5159035997472934,1970.7895096868633,1.9928569741006823,1,4.5011176848254415,0.47431449281223365,0,3.886724635358406,1,0.00020018396894047998,1,1,1
1106.3663057979943,70.19637959528295,190.11559777429073,17.052197539122197,1,50.53612054688246,0.0020970466767998783,1,0.12552906128931007,0,0.20737720696497178,0,0,0
20.38211944475154,23.611732330757583,393.3117666544883,3.3975600690065066,1,8.957172641248295,0.5535423637385379,0,9.364694961221256,0,0.02071504617009033,0,1,1
129.444675085021,0.2172545261278963,378.45227585515187,13.598262657547837,0,45.2881139654986,0.7580333908216269,0,0.4308642455632805,1,0.012456724237924861,0,1,1
182.95486153901214,1.9535810168749965,1116.661430995612,1.2319040623891975,0,5.445986910600873,0.6735507016964326,0,1.3173576172247343,0,0.0004368271059079136,1,0,1
777.3610770289451,341.82232940657474,392.9746085785983,66.89312932775893,1,43.034423345785214,0.06656867498929402,0,0.05994082127128142,0,0.03994885068977268,0,0,0
417.44161888381404,1096.1927517747376,89.81524919858224,53.55733301926896,1,53.37640062010629,0.17808530621353108,0,0.08440488797934502,0,0.21685117093482253,0,0,0
1066.5351863091275,282.0311416053966,221.7248442173665,147.3845313077532,1,50.0565348123726,0.03650463534831084,0,0.06207802248068381,0,0.3288404624715827,0,0,0
274.17639294693026,591.522493691338,69.23764622439097,14.840896985169504,1,27.508655422384038,0.2560524027585021,1,0.23736921547734308,0,0.14014019526216953,0,0,0
1119.4965793691495,115.97779608160046,24.582299358845603,55.614084234580794,1,79.38837270983633,0.37098255688489923,0,0.26871502099586936,0,0.3275160999405738,0,0,0
302.08017720548014,145.11275087115544,127.5329494784539,4.910214583023257,0,49.84769791219619,0.13665910125052727,0,0.0890345186694818,0,0.17264659820760936,0,0,0
994.9216964187215,221.00368199848344,297.555435262032,30.260189379296822,1,92.43995697517894,0.03898182880535914,1,0.22652230410427404,0,0.07809344991164179,0,0,0
95.98489600662633,7.301572891393627,617.9176363858398,0.016920601366335046,0,1.8681956828072803,0.6288933594129958,0,0.6406544854741453,1,0.07830058947443642,0,2,1
1056.7569237250977,622.2368866265099,176.76872200297979,43.09365569105997,1,36.66372024276005,0.19475071852139006,0,0.2637658643431602,0,0.058814083807511845,0,0,0
1018.867801166139,567.9289811444622,231.28627784770663,78.31998279556298,1,36.72283978734319,0.01605333967224338,0,0.2641199445998893,0,0.2699733174968989,0,0,0
346.47715897825606,28.672858726809416,27.194792619234306,49.23744448434512,1,87.18826946028013,0.15619083252174207,1,0.05312330031100014,1,0.12709563517648917,0,0,0
11.755399405650468,8.16811685753426,695.8114054825659,14.379679151583945,0,11.75072296432991,0.6596180957832849,1,2.710222822356882,1,0.0033798075568590063,0,2,1
840.6808369450587,263.0813011116991,153.3902202249246,252.79809088610529,1,9.005510272655627,0.046235501746671875,0,0.017974570747038756,0,0.08485413484717386,0,0,0
746.4583908327116,279.42551046040984,200.9461647035002,4.03462686712131,1,13.24978217434007,0.19882016833805338,1,0.24427517760208606,0,0.33838854545784164,0,1,0
150.91520820488304,19.913934837041285,480.10507636613767,10.198646293303536,0,14.661571726897071,0.6832606727528003,0,0.9802851778019099,1,0.0012550927182103234,0,1,1
78.34929077655833,730.5963317884858,2775.3791680088225,12.541909986956012,1,3.61844964858907,0.33969731695469424,0,9.93444951272477,0,0.0624273310363377,0,1,1
30.0,1627.861718694286,83.7122621628596,757.307349289048,1,0.0,0.2772356836715326,0,0.12727388508154283,0,0.43413961726588723,0,0,0
61.620151126303625,50.15039365757218,197.69654833201207,2.77758323518328,0,0.9575853202256515,0.4998210762625427,0,10.70451145843618,1,0.06534294518113051,0,2,1
41.41570496630943,15.418499589548832,1007.3422986434351,1.9096019299972546,0,10.96347998148094,0.6345712119159214,0,1.1831032702789663,1,0.1533441173521137,0,1,1
436.71202929723756,63.851300458760285,219.99902672902357,100.05005299743742,1,31.54590913759368,0.046091342985252026,1,0.08183380445865936,0,0.03815907269027935,0,0,0
83.82636871935466,8.043971639264251,154.28256819805557,3.3767700985332088,0,3.045193847278798,0.4548524813822977,1,1.583166695392678,1,0.04602398439032971,0,1,1
1056.0047357756218,220.20257301078365,31.504230691170207,113.40148296926264,1,36.550171609262215,0.16695357106092543,1,0.05319594129872505,0,0.22484735625047317,0,0,0
27.15484809273064,27.362803679648373,179.44780818677802,7.9964199514130865,0,19.27495034411021,0.36452255853533666,0,3.866312237366137,0,0.08922632969388695,1,4,1
4.5146275743658935,7.018414710838666,352.98235506271936,7.412155380813353,1,25.76662209133619,0.527949432469677,0,4.007796785930445,1,0.08367152669604135,0,6,1
1317.5556229572892,80.84520441958166,145.9137980673574,42.07222107911445,1,57.52495428964381,0.07966220295654282,1,0.06821946641197105,0,0.10887749817669268,0,0,0
452.6364905220868,211.19427300394338,539.0746449217511,68.8005700903787,1,0.0,0.0009875440336611064,0,0.10157889675759052,0,0.10461520391860887,0,0,0
2158.7370187669603,253.9406894474248,234.98969213057376,83.23506527663919,1,76.78916857091356,0.029962625352088674,1,0.15949231558526625,0,0.1647078170496317,0,0,0
13.991936879652801,8.389072590060323,140.75612048703093,8.581229270378365,1,9.242877524048222,0.07102916921822859,0,2.4308593780518626,0,0.060089524066793125,0,2,1
926.5776737889337,121.28595695736934,38.79498083159287,80.13905648681745,1,90.5322037986619,0.04505262509135968,1,0.026721998762406253,0,0.26649104769324494,0,0,0
62.65852764782153,72.37916727215375,43.22824864703545,6.334189553531378,1,61.814123464749635,0.06923027260243221,1,0.26757295178993956,0,0.2973714546297202,0,0,0
1257.1982413153294,241.58794977512107,210.65229964803123,94.86375501063145,0,108.3447655445624,0.16230845997955695,0,0.2090404223263824,0,0.27954466597656347,0,0,0
1268.7577842335431,228.5270423379385,222.09030000466677,38.743822833807464,0,41.715564899914185,0.04460465900730797,0,0.216616698976849,0,0.351510990215594,0,0,0
74.12042591036641,601.9330187384148,95.52503236288666,62.78267781993004,1,57.46556814093097,0.0578285884963932,1,0.1052631008515764,0,0.0687052082721526,0,0,0
22.02933154007446,3.014165404935565,216.74596210796523,17.093414665039614,1,43.058019030621956,0.40309257757905426,1,5.688161527586491,0,0.010225018998117855,0,1,1
8.615807942694499,1.2774927229620374,263.1327467425713,25.79274940363202,0,2.196907444059606,0.4351488594681868,0,5.403367924354854,0,0.015240922133799118,0,0,1
10.441614657275979,27.352588280475707,1804.7559072401648,21.921699239895197,1,14.115744415082599,0.4141801947164496,0,4.696710976254496,1,0.014482525342140031,1,2,1
31.733678739446496,29.406570669546497,140.5236481248214,0.29362781703651264,0,6.421232135966161,0.6002041181227783,0,3.5909210842985972,0,0.00043520327072429807,0,3,1
78.24532578308283,32.94980188094828,267.9451493276102,2.449283915993021,1,16.597715696034616,0.7105770676640971,0,0.9236564634046817,1,0.02907467248850977,0,2,1
20.883380327139683,354.79881679726634,345.00009661498456,0.4867012317828662,0,11.104745529515904,0.226259198313653,0,4.722075140155359,0,0.03655209244791211,1,2,1
1838.422305640835,212.48405993702235,253.89494957431114,2.554669480487147,1,71.21573298461132,0.04833780367418432,1,0.21435205421549347,0,0.32093427082988973,0,1,0
60.89262225261414,14.458169821127022,308.5976090739634,0.9916096438131194,1,9.205856938069285,0.5123080935245589,0,9.014551742649047,1,0.16557742856554963,0,1,1
133.06929754193118,276.7359549847108,73.72318039556764,6.780599466653234,1,86.90113179237292,0.23178827276694702,1,0.1685044510065343,0,0.23144715265683688,0,0,0
8.437050712232113,8.799257763277533,287.88870017833284,10.241691384499056,0,54.55846783308579,0.6087280426709334,0,4.184183229921551,0,0.09510217552350123,1,4,1
1092.9232762782503,23.32883785643298,106.67222367202659,10.861853364073175,1,71.97012100973575,0.19228486064533443,1,0.15177519016413407,0,0.17130217033176415,0,0,0
1631.651445609781,343.47158267882764,153.59926857148398,23.536994572538376,1,86.54235614254229,0.4746417167078524,0,0.11283604310767897,0,0.09445838146065702,0,0,0
767.0806040423105,368.0622097965308,360.1414520702823,32.337175223438166,1,74.91433813867992,0.02283468330845919,1,0.19096557932847716,0,0.284638082256997,0,0,0
116.29969822116601,36.10371713498708,185.5849906976136,2.090172802655951,0,2.141321261880659,0.17782236574647042,0,3.153139303664431,1,0.024256592968402116,0,1,1
50.298028380170805,4.14420800523303,1200.068604400553,6.529709330672873,0,19.58130698097137,0.7629995678268775,1,2.3678910379571803,1,0.04142294722604422,1,0,1
79.76436863423201,57.701210086530196,193.26616857853693,6.461144516512421,1,5.589612883757586,0.7707965717485978,1,2.146459931710141,1,0.009546118572188008,0,1,1
33.554065324127116,2.8063279720175154,108.21264390476806,10.614925595941564,0,19.9913562306635,0.4399411225480306,1,7.708529803803752,0,0.02767695807301655,1,1,1
120.25457419826867,56.44190205099579,1136.8826194097728,9.94584479712614,0,9.925087983897527,0.505814795305744,0,1.9287738341707144,1,0.030706298624925344,0,2,1
21.195073202956547,8.901449958139398,176.28112332039927,0.7720518625409081,0,15.033188443675375,0.3337736934854075,0,0.4383774416792552,0,0.066142888072791,1,0,1
87.51780756075615,6.156911511576044,694.0379142611955,1.006372597612787,0,0.41749160113250666,0.806352138028396,1,3.7888182267464012,1,0.007928628532201686,0,2,1
843.0262711725625,194.82298767147506,124.12241210706213,56.914117432810926,1,37.916344100375426,0.08536155249575554,0,0.07637344795045324,0,0.12947302943599093,0,0,0
2356.9312330036646,16.498636375643954,102.40713147875181,18.508299908096838,1,16.2940086252301,0.13379139109876598,1,0.40093104665008955,0,0.2558638308054037,0,0,0
735.737388438553,1645.7168256862415,158.25884570518244,104.4869017670509,1,105.65797939904428,0.44840150401199075,1,0.25651693599219283,0,0.20698908205334904,0,0,0
1075.8782041996017,150.1549110429074,40.92713567410977,43.139073728323524,0,12.754640569649936,0.13210569788578005,0,0.11462594709143145,0,0.3622994259033152,0,0,0
19.890891804318812,3.5858568352487694,1440.1940407122406,5.553632471463542,1,0.05779543158920737,0.297534465679638,0,3.031337202168804,1,0.022235611880232584,0,0,1
1126.1669753215692,1284.4027612548916,38.3370584330436,43.07902484182021,1,97.65030386229671,0.010908327223239672,1,0.06737501065820835,0,0.20925102861383732,0,0,0
820.4075643099696,560.105584505466,65.3840611194566,15.382331804679103,1,114.88722564723412,0.058882984110176444,0,0.050883451216572534,0,0.0322610753874368,0,0,0
915.3157462972088,331.44496507293087,34.66240488323929,92.26612876532342,1,63.0188842678752,0.1513172292957952,0,0.14091816360854204,0,0.14563092020539817,0,0,0
78.79881108608295,47.41377713190915,864.314957465992,3.1337138881672972,1,27.100905049234516,0.5181039697022989,0,3.7510043711405827,1,0.08090392638766933,0,1,1
1452.996684953649,1385.9639208965189,152.25620999692353,5.865157217314969,1,41.15953166391727,0.08918912127946553,1,0.20834700334346992,0,0.13039446920557085,0,0,0
897.4390666399644,837.9883610822371,192.56566414425671,24.930600608876258,1,81.9488360052208,0.012779381707021592,0,0.8343723489317624,0,0.3398508600981332,0,0,0
23.88980023800842,59.59768164395131,292.16697252084884,6.848167245246561,1,10.37033117324775,0.3853430407038667,0,5.251257932172718,1,0.008214565121828329,1,1,1
34.98655536864974,14.451014249723675,124.59393266855645,0.15646274448120515,0,6.469412678707944,0.811400823294962,0,1.1468792192452304,0,0.0067529366563540754,0,0,1
965.7429084027261,217.4273555418788,79.56562514290553,225.1869517877882,1,75.67002605332739,0.3585765647894442,0,0.290723967309502,0,0.14042418060791118,0,0,0
110.90595806597025,5.531816711233208,61.80282831072681,0.018807223618995113,1,2.8983937729208904,0.43627669784821455,0,10.91839023675945,0,0.018060542139176933,0,3,1
140.75593533965187,45.076268544775054,72.81752150446584,0.341463787879864,1,19.250309730272306,0.5972574716596291,0,6.0128881075464395,0,0.020444275535519644,1,2,1
109.0170628498628,36.79800968983295,91.79711130460815,1.4617998457075583,0,17.747503868938598,0.1437035718529375,0,3.746060006414961,1,0.09704522331244268,1,1,1
852.8687228737215,255.36445814446543,162.14213743532542,92.39207817813198,1,62.987998356090586,0.11450596068674836,0,0.06516014438767818,0,0.075639032782489,0,0,0
936.016786616289,440.9449557629802,146.87241885273602,875.1397763565541,1,65.79304117058669,0.27636042299639096,0,0.23637700559913025,0,0.5593228973992914,0,0,0
1231.332985192742,842.3827503210737,248.21235577498055,101.94186674597285,1,56.07426349612956,0.284230791261376,1,0.2137117626536544,0,0.02213544701516186,0,0,0
1119.8183030084967,45.371179118794686,18.62538347405921,39.09576908303069,1,61.050228848582904,0.1420953213256364,1,0.03245586096889254,0,0.1320486080777499,0,0,0
57.8642393780145,4.93730818592828,2570.765568686574,0.061065729193598234,0,20.035000671244546,0.5260136070457733,0,6.232047775117781,1,7.210096880793771e-05,0,4,1
478.38486485356447,208.7893005591208,149.11614218816865,40.30139029988753,1,25.66152213861249,0.062025051997266954,1,0.028322362444860534,0,0.07635147000155842,0,0,0
988.2562106862235,861.9588508161949,50.239877893975006,105.97016452471073,1,20.38047459730636,0.02786657561274816,1,0.11902879424119449,0,0.10408173181355315,0,0,0
1.659746340429794,1.9307270959650902,52.15008282964977,9.166654942258399,1,28.699639056778405,0.37734146935653384,0,2.1420036581586777,1,0.16628750675444579,0,2,1
3.229972943557122,606.1933003659949,1339.0790568288683,2.310073142180905,0,1.9456856136301557,0.433040913827116,0,4.624871841709566,1,0.1843668055143957,0,0,1
1148.580372026882,50.3905544965057,163.766536347895,12.01550586635509,1,57.34799832390615,0.05942771373918736,0,0.27708311996049706,0,0.05363617273104245,0,0,0
62.481596092339885,12.329553418211686,1266.7961280078212,2.18611237639366,0,8.652785219369475,0.6721443105380932,0,1.4661753345074042,0,0.016767005033281296,1,1,1
433.1911599950615,861.787176983564,99.39660215932578,88.3243222907158,1,43.521241977856235,0.0849948162593853,1,0.13419887788233476,0,0.30516091607943213,0,0,0
39.45687351891516,194.850952927316,418.67024744998264,1.0466959123534512,0,7.659308295008096,0.18134584143495994,0,8.980358692764941,0,0.015479010043638396,0,4,1
27.46233955147489,1.7953917172314153,1072.548599018847,0.14372755653119568,1,3.840159131134732,0.30413125383022144,0,4.775806064783935,1,0.005505400989576198,1,0,1
95.4683859872999,57.26718291124797,247.95798173790573,1.628783156057818,1,55.52939182266747,0.4360324851713645,0,5.799764053119587,0,0.13600321312454655,0,1,1
1084.3753920412494,576.274531178083,28.545664152807888,92.83178033421267,1,17.648150260883803,0.04907203999498599,0,0.3840529553496157,0,0.04118983795776936,0,0,0
1113.9452203474586,551.6322676195698,103.23154873237563,31.96141709043542,1,102.99380289170347,0.12713014022458938,0,0.04729155601936711,0,0.17601146973572995,0,0,0
850.7572577452881,182.1965774340542,85.52056487850629,18.887534460548252,1,67.27127091649433,0.044764774587851185,1,0.09168413250803582,0,0.017532650853693387,0,0,0
1140.3733294529545,141.08907213817855,603.5371090181984,8.025923863698612,1,132.68489640506584,0.31173305838372545,0,0.017244778581126212,0,0.32228903686013644,0,1,0
20.956023997309696,25.84872656259162,341.8890506175314,9.700749406955712,1,40.21654710902648,0.3975292924536755,0,1.4029727611616836,1,0.1209227929408328,1,2,1
106.51412213618227,2.167480252046618,223.20653217959511,11.238701065286431,1,26.864215082399312,0.6908702820638825,0,9.325568829664146,0,0.15110876713204568,0,0,1
834.4312348983275,55.1409903095232,81.0217666966986,14.292855937525514,1,3.8230407348626727,0.041772766964057455,0,0.20640006384099305,0,0.20080870740698176,0,0,0
23.596911716811817,3.6340005262863073,120.45283857964296,4.976066944113468,0,24.354934068533204,0.32974807027659786,0,6.977574917536527,0,0.030805876709820722,0,4,1
721.868014469287,71.02440395603921,198.62454829325327,86.76737076352558,1,68.03111275604503,0.1257292393620501,1,0.5663171887778425,0,0.15092531392749758,0,0,0
368.7927940702184,2219.1155855110055,44.797217326526905,14.98324137990017,1,138.1932578279206,0.00978051647151765,1,0.563511826688125,0,0.16100261905716978,0,1,0
111.02079818388847,29.534653812896213,74.27380991033819,10.785294491484368,0,62.24609854856309,0.7723972918307959,0,1.1229157028271,0,0.07257776076527427,0,3,1
6.318831605904951,204.3779089563757,133.33068586809503,0.42952008780063156,1,9.180235714850363,0.41413880727707514,0,3.984277521360353,1,0.03425474999065658,1,2,1
351.6072107726802,11099.156742173263,781.0380228684205,92.4332556200094,1,27.989830258542703,0.42581568266358283,1,0.19617100505119844,0,0.14760523387742663,0,0,0
2.6050027269368283,5.1391362262149185,228.48988799222752,8.146817484595298,0,24.53452433898926,0.30717162538288567,0,1.904022070423141,1,0.07329947794086128,0,2,1
46.24372530494762,621.3916516359986,995.543167750197,0.19149159425880452,1,15.815268136096073,0.6255871392147753,1,3.01401401576251,1,0.04749865294709853,0,0,1
1391.3697555115289,682.6779250697788,80.98919702024381,11.905896189391493,1,97.29898111520167,0.0735440043252254,1,0.15402311983183942,0,0.4003377375453391,0,0,0
2198.8368632979164,1369.7180407576795,97.07847213505809,5.040183320607019,1,87.02740170733767,0.21323425926174025,1,0.503285158964463,0,0.05585212084924727,0,0,0
53.25556802580097,232.1957240529995,175.88307227904474,2.0126699149605973,0,13.069100754831911,0.5148340406911787,0,11.633078638412245,0,0.15223249193204252,0,1,1
33.9120505493531,1.864355603877478,805.6037671578871,14.408521391312105,1,48.39139040056874,0.642436951015407,0,7.476763533332378,1,0.0263768081279868,1,1,1
248.910246568841,468.41653539355264,70.85460996864134,5.403206002235229,1,44.352459284624736,0.32347023241084333,1,0.39494991710672134,0,0.19316982320626783,0,0,0
103.33305250906128,5.581859322507943,796.5214061874162,0.5603373512818718,1,11.223088557701287,0.3449434213156369,0,4.358636353003532,1,0.04373157419759313,1,0,1
61.060343657567685,13.865419785720423,252.13493946748972,2.245164881286312,0,13.060034962332708,0.6224490618320911,1,3.097824093313456,1,0.14378011470704566,0,2,1
1339.2251506536363,117.12337171262234,46.69853625284734,76.12528907127641,1,88.68066504162641,0.16836340201764893,1,0.11096416517747296,0,0.36206296925671333,0,1,0
6.952545081739807,2.7338927390028545,80.5388327085216,4.349991369542986,0,19.844454147978233,0.21859114331097726,0,8.72744438922602,1,0.23645539367252685,1,3,1
989.6378174781581,947.3064378136347,77.58675027483643,138.32366270367325,1,41.721653216012264,0.0857084760392408,0,0.1851775426487878,0,0.0802616798603047,0,0,0
93.80835552025351,11.692541527348345,223.90775791521565,4.245194491442211,0,3.6116794067472124,0.26727240854518153,0,0.8576606809822123,0,0.014059306843982386,0,0,1
16.61373160496295,57.84520069208745,192.59625986015715,0.6758596559775693,1,46.430653796863425,0.735099338541703,0,9.905510180279368,1,0.002635863199791511,1,0,1
11.94020276534962,31.524521876141506,50.0,21.611522259402506,1,0.6014034112794217,0.5244197904514788,0,4.319630586320925,0,0.12110057142315847,0,0,1
1686.6774512376212,25.27117696819725,104.31254488675351,47.567338568553005,1,47.03702866186126,0.1504332227429011,1,0.06839981229015737,0,0.1274085185889719,0,0,0
30.0,437.9887981524024,119.86542900185711,254.9614587174238,1,47.46780656500889,0.07792858771978056,1,0.02865531381175813,0,0.04573398800294281,0,0,0
6.219472440187942,94.78811946805311,190.7467487929572,1.4486029217744618,0,33.48316229683418,0.5163830144874152,0,3.5535656658235664,1,0.029537541776594886,0,3,1
18.283842852464396,91.37147456051267,1086.0585156141517,2.553841974586637,0,4.356003890513619,0.5765646840767432,0,4.295011705349712,1,0.06070037894749114,0,2,1
1119.543339464788,394.03508754620066,188.38781874588415,77.167419270403,1,69.70704629020751,0.03831606587782835,1,0.1405493061376047,0,0.10533266906317933,0,0,0
8.970486136275705,67.16310038176455,1342.0630803435488,0.8504849400626493,1,0.1438662069762462,0.35919408776687495,0,1.3624177003231142,1,0.05690668580375918,0,1,1
95.94631989559662,13.584918068270037,660.967872119085,2.858196430478981,1,4.242663511569039,0.31955681633447014,0,6.398314938192506,0,0.16430191326085303,0,0,1
30.614709453324,1.930917174042082,402.29841838177293,14.585980192198125,0,15.63291293582168,0.5174217143943632,0,2.113131585579737,1,0.043416809078751575,0,1,1
1001.6941203099717,431.6886615792853,76.58512772714927,36.81839021533478,1,73.46531601048319,0.06198835253607797,1,0.219385548827611,0,0.13554585105636574,0,0,0
1009.6912506819282,222.36596672965294,12.2601729464898,24.13119940372833,1,79.13334614157698,0.12406075614400401,1,0.14681240414019142,0,0.21433982034707907,0,0,0
1114.3782192308067,248.0758452201176,29.91383677713596,18.82951774363507,1,37.42988926769346,0.07778358954197236,1,0.10492586503358597,0,0.021352418356607717,0,0,0
841.2289163359349,546.8065538707979,182.44765029208196,27.064642853270477,1,59.18019642797147,0.04812546022849726,1,0.13206382431952043,0,0.28316010768824496,0,0,0
67.25374357391887,21.55446163085506,315.30873189119507,3.7098169821436784,1,20.752894545155844,0.6353885023317395,0,7.328358919658975,1,0.015932353462181515,0,0,1
52.99359985759264,22.733305638448016,254.16241882687746,2.626562359849848,0,6.376537105463976,0.354073920071183,1,1.5216477022808743,1,0.005158275706969283,1,0,1
4.980653100200834,34.21489959860123,506.18439300716705,6.793992712998596,1,16.86923550551937,0.41876471954543093,0,1.7955759181526831,0,0.022686185848205906,0,2,1
105.78207086969337,2.1477492551344013,1025.297515494595,1.995678049450103,0,9.60619561045171,0.340995833569654,0,5.563867824097792,1,0.019569790487935803,0,3,1
414.9252401742937,420.0529327328523,280.85884968938234,70.90999396007562,1,51.47651853962985,0.056255116187352364,1,0.008071003679728905,0,0.11146765750076579,0,1,0
42.64658886302055,24.61347838697681,2172.330236838444,1.299022918692372,1,1.94019409361162,0.5168188490583718,1,1.017126525366811,0,0.001140153638043693,0,0,1
953.9402221715166,426.6840319240047,314.7244846627175,460.93532619105474,1,58.04190987841561,0.22414441567247922,0,0.13745052761695067,0,0.3668573534574359,0,0,0
158.90730127858967,55.60228489835071,153.02101279201364,106.63724326284735,1,22.420415554876968,0.12757616100713445,0,0.03976345214647638,0,0.3006959875199075,0,0,0
75.96122486628674,10.046065841365884,1305.7947271832081,1.359810754963343,1,26.176941864089788,0.314524765308234,0,5.9210376208246505,1,0.027522745241649042,1,3,1
1322.19259524266,255.069038829407,34.1349354334069,22.696424643896354,1,27.903286873873377,0.11440514127115568,1,0.027537385883916785,0,0.23676936313754807,0,0,0
64.14248056552223,163.38840649796165,545.8607880271111,1.6720411496486756,0,21.77926515063666,0.6434237045853909,0,2.6606121597878056,1,0.1647081918837912,1,4,1
44.88945535638889,25.013117299607494,2599.896282563707,12.107760946328309,0,11.398895542429736,0.3840768944533777,0,5.211357637382514,0,0.14662430463152507,0,5,1
1760.3849155829919,255.5126482052801,433.7038111518077,84.53876346904107,1,118.48924299971365,0.13896855824223978,0,0.3723868848804842,0,0.14756317690904838,1,0,0
92.98746074306644,11.264421254684802,637.5954793789564,1.9278593530210801,1,12.96555953892314,0.5326163667686215,0,3.1246185961894097,1,0.0026043774566610603,0,0,1
1212.7951969836683,389.6480007985906,162.54559065120557,214.4039468446036,1,36.485329108357796,0.11068538828968519,1,0.00408110484382406,0,0.4585517633837507,0,1,0
47.05418662995653,63.010092023100164,495.1405500876906,18.15688762787549,0,0.5949054276225131,0.3410039933210329,0,3.564842486703092,1,0.08095003886589563,0,0,1
450.1526067561231,73.89000881556618,475.74091341679986,257.8049517487897,1,0.3565131023407986,0.1834225532622046,0,0.22529916033387376,0,0.21090419472551677,0,0,0
44.38090200981031,2.098371954976172,1546.2615623142792,5.571589458390968,0,18.762336762567887,0.7645137203336141,0,2.2878675531110186,1,0.06428655986460448,1,3,1
49.14438288228989,1.6261859111907266,50.0,6.244761788538626,1,14.450181136487231,0.7807656956472719,0,2.478554570281569,1,0.049404444948683644,1,1,1
73.5925318016429,22.417273850182145,253.93803251345363,0.6636455640280127,0,28.483050115536034,0.5480892769673282,0,0.7522713040655142,1,0.10061486563224628,1,1,1
13.14694821989154,3.6077753448670604,381.4050198001497,9.196504276301928,1,5.603233219680963,0.5981420749879688,0,0.9630806498424878,1,0.029696654113393027,0,1,1
1328.987940628577,130.67816760005115,204.4246002298557,29.729624708143437,1,91.11441131416268,0.16293479271571382,1,0.0896752333893513,0,0.1309170343556484,0,0,0
64.27265463708675,15.207949314944411,653.0639533800581,2.0960821331511608,0,3.0368731103630453,0.5937787933371834,0,7.590165819618373,1,0.027580208718190273,0,1,1
43.36414713701893,66.75837419469235,394.531150803946,12.213872001231397,1,0.019237262926461402,0.3928339056744955,0,2.494686661245154,0,0.03865377422356403,0,6,1
5.276154191761361,11.977985711109268,596.5864521589689,4.273946752377264,0,5.827167521775854,0.5748806769723556,0,2.30294788830206,1,0.04432812424531818,0,1,1
1444.6087483553963,260.50133407487465,1250.621264881871,45.25917745563504,1,28.36422486466938,0.07218935363312319,0,0.05070136545239217,0,0.12540637458165924,0,0,0
33.09686664698872,55.83376553872506,1230.320058131438,5.048791189228001,0,11.512489077805709,0.5668733339826474,0,6.133410232439762,1,0.004528658868122165,1,2,1
1067.1475642488572,158.23594199404323,65.2297242077113,14.912116156484727,1,72.3201033878171,0.24147005276255426,1,0.3337675004511288,0,0.06165850524309357,1,0,0
89.4092107034308,14.61908036114624,777.4339239449291,2.6799286952537362,0,11.26479231725683,0.18533361856866293,0,1.0767982519806196,1,0.024604491231004656,0,1,1
668.8241036677164,436.3655033638567,206.36887600047095,94.29011381398662,1,78.29953162621607,0.25534336966332166,0,0.09363775906895071,0,0.058329944766752136,0,0,0
630.6143411911285,263.49794283165323,40.663568224397345,938.4029877729693,1,75.62613574358156,0.004443603821682818,0,0.30088189945277677,0,0.21383390549151088,0,1,0
979.2698455383571,405.1374201108333,444.1028800026277,326.949588789935,1,43.392047323333635,0.020068471620295895,1,0.07796975152155024,0,0.20592652366051153,0,0,0
797.281221066185,75.85695689172572,16.700408697248193,12.465899145331086,1,85.87641089862161,0.09764853010049486,1,0.025611710570975794,1,0.41167190508297197,0,1,0
45.7173585510449,31.229567923649935,1793.2137924966007,9.480082850911444,1,19.040220735065283,0.1993797862370698,0,2.7897214862179465,1,0.12663319957980634,0,0,1
83.92394161349242,1.7218080838458307,418.6805154127239,10.424702582549527,0,10.353503533767974,0.7138619675968324,0,4.379153775345903,1,0.03451475487313438,1,1,1
431.2478905098426,14.817955336519129,1387.0820287584809,0.0748551811144694,1,4.349387587981421,0.5850714734406288,0,4.032548858421058,1,0.029171467127962612,0,2,1
26.067140955683627,3.617211014138502,1174.6131672179702,4.896128155685475,0,17.20962413978317,0.7470249594111035,1,1.2235102111521563,0,0.04457833858104455,0,1,1
455.60134338454077,44.646637467520556,128.55223269506268,251.75827417461318,1,31.504050630486045,0.16783926874497543,0,0.02586244040030112,0,0.17559247710137327,0,2,0
12.990664581770655,7.737887116052844,163.82754986827894,9.695822254807851,0,27.096200735970704,0.2712158097885286,0,5.729144793826918,1,0.06301378117267831,1,2,1
38.792861802403586,19.56304562338181,288.41484277294904,10.12638011461762,1,18.132039021765856,0.2222656309543146,0,1.987280197552293,0,0.019465508372714702,1,4,1
24.736374898518083,13.106326712471484,433.87994175132894,13.578642133316063,0,28.9770312697001,0.6747940547524832,0,6.879950063287535,1,0.045526005194425366,1,0,1
64.91798658667909,349.0413685593303,226.45018321553246,0.21790921680668135,0,13.28015190841564,0.6580376639731612,0,1.4934629582414574,1,0.050194119862758936,1,1,1
76.14511704430775,215.10366252958366,366.34388547966523,1.2411892529424184,0,1.0730488747011424,0.5951709254805855,0,1.5040416059008277,1,0.009095837639543374,0,1,1
48.99689896553519,48.49738266918985,8961.090416486677,1.1246433897099817,0,34.15202061537276,0.15585014900352018,0,5.934964194354082,0,0.029450819964604438,0,4,1
64.1242642025055,6.670516143453355,1602.6954915831996,2.0183120337020055,0,23.231140637767986,0.7461891374875816,0,10.13588219801844,1,0.04033587473993579,0,2,1
5.039484139321728,59.314522557318156,59.34940651736286,9.78698758559126,0,36.998589278925124,0.6684009714996888,0,8.296480978464444,1,0.07437835910026415,0,4,1
198.62263872070673,16.99217175557174,88.842101039674,14.709228046691132,1,8.082443619088648,0.6980917419295593,0,7.76139051361042,1,0.010806115020886957,0,0,1
633.0498808132227,799.0021050375035,29.601461874358176,42.8193963921353,1,64.02959786277333,0.32517857778677284,0,0.06510063400424256,0,0.15904218421054633,0,0,0
1442.643502222955,119.66465874774015,79.21383195160391,73.06340799530446,0,5.914501906493477,0.17215179231214495,1,0.17083235042613032,0,0.04515683100037776,0,0,0
97.21467787090597,71.70794743182401,2514.738318802134,4.153391768771356,0,8.168870798152989,0.26342462008809175,1,9.646137455651388,0,0.08396719144003705,0,1,1
65.68852240019747,2.1150793399389567,93.59394421287239,3.14651903910969,1,9.767388393683824,0.6569981323485959,1,2.0172025885234173,0,0.05849377465185341,1,3,1
5.242260787362326,22.846367399374895,1410.7901434436387,9.25469286050718,1,24.389573541985495,0.5651032754479363,1,6.853230937952538,1,0.005687615826229659,0,2,1
804.3478375591926,11.27183109281342,195.35995029301014,57.92371334859179,1,109.82458152927614,0.10158797280814563,1,0.04828301041350712,0,0.25798414084858484,0,0,0
55.60860656829357,32.863524454585004,521.1530493685381,2.7907396591113445,1,1.3920863623107969,0.8127506030718661,0,1.2229020626929559,1,0.12473979119329187,0,1,1
1288.8959677144742,324.51486171400893,82.16570702231756,5.097665771808385,1,116.959046881264,0.09397260757253835,1,0.1971120866709689,0,0.38928819128247744,0,1,0
493.529452344837,275.5700290464133,53.20127617735984,29.440046756831595,1,68.49254949633517,0.013928487474788233,1,0.2088787916041632,0,0.09933533686899247,0,0,0
26.07706012702151,15.358635441818922,989.715170266244,9.866178354700567,1,18.961487282659814,0.24571708827324756,0,2.9306894228113634,1,0.008966640406957391,1,2,1
72.32946328087608,13.860419241221521,885.9011307252339,0.26502768788245,1,4.511960515000802,0.3448882163874141,0,5.056858297573041,1,0.0543343624581164,0,3,1
1689.5456282052173,65.87996377498153,189.58931240468561,5.570649882562565,1,153.511718291484,0.10345207774923285,1,0.10399816757283391,0,0.04689183314783996,0,0,0
41.151679575092196,30.316596693358267,255.12973009408338,6.013413244602772,1,2.090191739277408,0.39217917559539706,1,4.429845778527779,0,0.009698639435785573,0,1,1
805.3778295317973,77.80843306353867,37.45378648111395,172.83083598120072,1,60.279791034208465,0.11677621837369528,0,0.010286124890816848,0,0.20820295256316335,0,0,0
456.15217214272013,245.6064013894876,39.7198502689225,178.31592666114696,1,106.27475629274669,0.1660760645912018,0,0.09210655889562026,0,0.223304102867967,0,0,0
109.43439281497774,5.795953184916863,280.31960748177977,3.7507917304864486,0,7.6997774152686835,0.36815332587374344,0,8.91497400220756,1,0.15517617949373153,0,3,1
1033.8557311719178,26.263956190265073,79.7285457323726,4.061681987216657,1,79.11391408123565,0.23082117970943206,0,0.5228387663937488,0,0.16899489786808006,0,0,0
85.89048419639497,17.355858649115696,288.76135800733755,8.69053703229582,1,44.51605927788782,0.41292282936078917,0,4.013046837827837,1,0.002218593787025816,1,1,1
1714.4684738119959,74.71250048773071,41.64969605307327,33.20044779706923,1,80.81415739795644,0.09063831166930948,0,0.13063011348825523,0,0.3609079855117655,0,0,0
136.59932081833514,0.8252419161396312,1970.5254894914356,6.932153182302828,0,23.167839119532758,0.3830717048917316,0,2.0537752111638072,1,0.04489843816517068,0,1,1
208.90924231147994,243.33532571989488,164.0300629201941,494.9467312093273,1,77.27011958642933,0.14284201727514564,1,0.07930994357511943,0,0.04631136141713202,0,0,0
72.32241701918937,13.02985104974005,204.25072552185625,0.9153258716768676,0,6.007503309844499,0.41590759406599714,0,4.355694270565474,1,0.05231261247586837,0,1,1
130.52486015930756,8.097125922739043,152.01621833895092,6.720856601068135,0,23.402612658536498,0.30910852671409306,1,2.0113774163293803,0,0.04306677941984213,0,2,1
965.137260736443,81.04297119875142,89.92988552339197,121.37308244287308,1,104.30212238082945,0.1388536084071744,0,0.08400177434664347,0,0.4069728923075312,0,0,0
506.71711244791567,245.80916969427182,132.831358641877,113.1065823385826,1,82.98864843520482,0.004100530704919841,1,0.05513477611390879,0,0.05307859452377203,0,0,0
483.3155970252971,1400.8860632813505,50.394979500009285,18.854334381567156,1,61.627960957515945,0.22484138504950288,1,0.04916966057122645,0,0.2746986001668223,0,0,0
1568.0930500060854,98.06501234777839,41.37008193349138,77.85819135239244,1,52.5958688921815,0.17235009622643505,1,0.10082588793221277,0,0.15015095628097835,0,1,0
1288.668788030872,248.83306905436237,110.90035401791933,84.8953183955203,1,79.10278159474834,0.18475013116225422,1,0.12420288867564235,0,0.06701090110365415,0,0,0
24.40031009788055,22.194299700388317,1345.7988865464092,7.519559497152535,0,4.13341588336048,0.5992067252119397,0,3.240281410082442,0,0.00939487507776007,1,3,1
30.9192206757872,188.49225356805613,337.0262138049564,5.792467383304814,0,18.289901249494925,0.5496312391130487,0,4.150267816846135,1,0.10615947405483994,0,2,1
864.6598091739644,58.88082514598809,47.41979448444122,251.38819386517935,1,66.19672716284694,0.22231679473510124,1,0.04015969825910407,0,0.15220786361491678,0,0,0
460.9238165356246,166.84614220389406,120.65850085694765,165.28355693294915,1,47.49432289066145,0.22962199439223305,1,0.06934711876737527,0,0.1265399296421773,0,0,0
58.33465350963739,10.26810808655692,253.60978892540575,5.53748287489237,0,58.778563463418394,0.5792750260864085,0,1.6809663300117736,0,0.06040978825320963,0,0,1
380.00794687975224,122.35826444467226,82.35545494725189,72.72608078046773,1,114.08312530937957,0.18684674073791924,1,0.07664377356454699,0,0.25646335853588226,0,0,0
900.042196545707,231.38784275617488,29.544639105622768,36.031561848256565,1,66.50421021316204,0.24938672700190373,0,0.015802245531810002,0,0.0984436535987647,1,0,0
1406.3579089099144,663.307198615112,125.48738073456892,36.960205592003504,1,71.79348366210667,0.03045515826350525,0,0.3231096345765235,0,0.10173088368756655,0,0,0
20.00414241770149,6.051248671472018,3091.142375136775,12.926212511713514,0,7.144566215987983,0.53326089011163,0,7.523988754713079,0,0.010858224591484023,0,0,1
168.27899908149845,393.51557561257584,97.83256488229614,188.49495970553636,1,61.442212337356686,0.12392092111048449,1,0.02352978845071507,0,0.10577708659290325,0,0,0
134.27641157194594,12.70657801931074,169.87120052400755,9.50156301823083,0,23.377432636230747,0.40450610676094273,0,3.263690693054257,1,0.07397040507645179,0,1,1
25.610308836418323,95.97369762925446,160.85346057697785,3.1693960110727075,1,21.362662439698212,0.3193496913849207,0,2.579313196581877,1,0.03440402026734751,1,0,1
47.74925884834849,213.02718538949676,351.3873981377972,37.95731792540578,0,22.127738211782606,0.30712036107310065,0,3.327904937313634,1,0.006036112920182712,1,1,1
393.94260691082377,8.367515129001072,429.5430271621335,12.764072043308765,0,0.2163184710228122,0.7802270155501417,0,1.5083593039042023,1,0.09768311796437817,0,2,1
5.074356103764085,230.48858161773876,3309.76542941265,1.10877141209804,1,39.13167424290979,0.8130927526444481,0,1.7945582539708171,1,0.016402510348874973,0,0,1
1165.0323528007334,286.26473384569874,429.325152872177,35.280694547021135,1,26.224554632717137,0.5540992477180045,1,0.09736768546747142,0,0.22850829254805483,0,0,0
45.889382907524755,11.61746384575657,470.71976921952074,8.530040569097414,0,12.16628609032249,0.336072480582056,0,4.613845564658982,1,0.0774028813356688,0,1,1
1009.3442983645065,206.35461950853744,128.30231316968587,4.751681909065041,1,60.463283548058456,0.13618412569500435,1,0.28127837020275864,1,0.06341237378681669,0,0,0
537.3869677321234,524.499970416722,252.91390967607313,22.09742135527148,1,166.11168452887222,0.3170966706037969,0,0.31074534030058626,0,0.12308060107786652,0,0,0
168.48345052821142,10.768650357634785,1262.5655977437361,17.20583211410688,0,0.3998431092880619,0.4032134011638968,1,5.9576776055703515,0,0.0031379918335611473,1,1,1
34.578692476046065,522.727311637449,444.2962112994291,1.8685066981023333,1,3.4029421833895572,0.33042901655230733,0,5.081810933903688,1,0.0850705669538652,1,2,1
29.110299441753295,13.823549299089889,448.33358163708084,1.156408648772154,0,7.44949188963374,0.8231934739587994,0,4.5746866703885045,1,0.04474460838954717,0,1,1
753.9144070982225,12.157669278714556,158.01569732736007,22.3700065260012,1,49.043519992582816,0.04439286326795963,1,0.16837537399079316,0,0.4543320561427985,0,0,0
54.31744033606179,18.91375032901755,154.04966379600742,0.9264222386106613,0,0.4762498145236456,0.38611651882383025,0,5.349797090490727,1,0.014706322366404154,0,0,1
164.24958104329897,94.52926972458958,307.89472561692935,0.7636519064707472,1,11.00558452567607,0.7494899048213629,0,3.8007365658619454,0,0.03487859579907502,1,5,1
172.58875737110543,35.8646805005607,154.08936041921368,3.055139937316639,1,51.15471905994295,0.24219568316606607,1,0.20157625714204544,0,0.28182208486583055,0,0,0
12.904902243831987,23.85965113797622,577.1372142020003,2.0796543301814516,0,16.863458351188047,0.5369774609266532,0,6.867833413846018,0,0.011299300945194274,0,1,1
95.88429982289529,10.713895302388972,3570.745087724258,0.801273388268881,1,4.999376823482706,0.38881022140928323,0,0.5821002373762134,1,0.0970939307668249,1,0,1
38.31285649603551,44.04488082138635,236.97433948678025,5.84118849120713,0,21.41072974831726,0.4623323297405148,0,4.118564009632596,1,0.057260953808859004,1,1,1
1.7480929979999384,19.005038829026855,59.79971597652929,0.4587545712624985,0,2.9665233194605327,0.3344850306339671,0,0.35071289450266774,1,0.022850383656421523,1,1,1
1818.456764160657,679.6260291893091,408.7697669167423,77.30164435104658,1,57.803866061096365,0.22868082281585894,1,0.3157083479646578,0,0.2362121519534036,0,0,0
1431.9257663671792,1191.318358651475,267.9567241128545,10.95836181613005,1,68.27134987098702,0.44067738184794897,1,0.1045175979133657,0,0.17756090040976485,0,0,0
1143.486240392791,137.69983326894967,148.4661580286736,59.94393955923233,1,60.14465089292031,0.017493588721639624,1,0.2321992418093094,0,0.31771016487526355,0,0,0
418.95444182918635,223.00018124440663,69.48116100932994,27.084744241610924,1,58.67857379430143,0.14555119379676482,1,0.46872156904750945,0,0.2867017746438688,0,0,0
1014.1141650694526,253.3905402490348,58.606470084719945,8.855213782723235,1,48.00043714815571,0.15417168936505016,1,0.46932738660368056,0,0.3279621377116741,0,0,0
55.68375826966371,36.69979505076891,365.881942220281,0.3660279921208198,0,17.26436968287529,0.5748148446297665,1,1.808408747936238,0,0.05538443030091472,1,1,1
1218.7669054488479,419.04942783910684,155.63495859220342,585.0104036491607,1,82.66648920268466,0.0557036560135068,1,0.206663756919457,1,0.2881889988570793,0,0,0
1502.9268104441167,155.12514617859972,32.83941271602044,28.887089772621017,1,24.11872819445385,0.22448567823707274,1,0.3658520503427917,0,0.36063682580535156,0,0,0
1017.7241841549652,510.5856787705901,154.6619620708763,153.7617141665831,1,77.1712415859561,0.013959285913738795,0,0.06819176785184275,0,0.2563724537019466,0,0,0
730.3707580579924,321.225463579861,33.38007908727696,1.5370148820744023,1,30.386425233793418,0.08012739063358565,0,0.18087767405528668,0,0.288720453716427,1,0,0
30.0,68.7215435591655,85.25018424618186,85.41943115794021,1,13.185970734748707,0.04551515727379802,0,0.024267265053674412,0,0.4032494214786007,0,0,0
481.30088808626897,357.5436472077005,126.12153160874212,19.19805121180745,1,88.8728261364936,0.00846416401902665,0,0.08905449812273632,0,0.35959215055408006,0,2,0
694.5363845831314,2115.556970787447,94.25926803946818,46.25418380600113,1,79.41787826038598,0.10685329866355082,0,0.4529297677635482,0,0.4112140029586922,0,0,0
59.829228291993445,10.872889894108619,395.4579084868612,5.912325405531016,1,5.76561695943782,0.5069105237019614,1,1.7248031592614124,1,0.04140170969196465,0,1,1
69.45407905374915,297.9732463580854,204.09339222719947,4.656869416516295,0,23.255791424863663,0.45429523369190183,0,3.5331902091907716,1,0.025358200377429335,0,1,1
933.7895347444457,153.15389425058902,34.90022973165098,92.52843557334823,1,69.55345142021861,0.08394438103069807,1,0.3444090773233312,0,0.04611363852047657,0,0,0
36.10686497298506,130.65795317284338,742.3194187100383,0.45401710866633405,1,20.760812921385973,0.4367463628888004,0,10.113301332464793,0,0.013021909027407427,0,1,1
1.0564795844467922,79.69673351313757,141.30176923238855,3.1836794169403584,1,9.982180083473912,0.7390780899110861,0,4.323489039366046,0,0.06831335647983483,1,1,1
1682.3590108349522,19.74813093897962,125.21328783123887,134.24163493774878,1,23.718198529238983,0.056283965299729614,0,0.3872819293247394,0,0.04270040706109741,0,0,0
510.25880163729016,45.70777470385377,78.99203603570277,96.27774035400225,1,107.68603854000744,0.16197202734207672,1,0.19265786969734544,0,0.10892483270923468,0,0,0
732.1963159406769,442.95491213427647,812.1501525670536,19.589585835932084,1,52.201223848497605,0.3218769872879719,0,0.31037698713890816,0,0.4668438742135172,0,0,0
424.9889725447094,82.0484674645698,54.75480345565761,46.32154144106844,1,19.33933243729787,0.11373954897696495,1,0.049386552040466575,0,0.1437968480368925,0,0,0
1560.3308277640836,276.52771882344507,204.12146003377762,126.0719761307907,1,25.754569198549795,0.0629407033555154,0,0.15903262591972755,0,0.09066294581897058,1,0,0
42.52049007561011,60.578788411211704,439.85412522712414,0.2751589283917295,1,1.010815994358859,0.497452978360938,1,3.6833614844402467,0,0.06932333276737464,0,2,1
77.85930080067843,4.16247197772915,241.60084023912282,3.4036359286213544,1,13.584016959101296,0.294031589620302,0,1.8158817611244307,1,0.013227200021282408,0,3,1
121.5792974220422,39.891310737816426,870.9585322888751,0.4302758143286664,0,20.925423898599444,0.8394037891692736,0,3.0695250810107115,1,0.023602049508905727,0,1,1
1761.8328603916484,99.95120251273768,70.9851273429963,68.70332031478729,1,97.2473321100303,0.07514157788074152,0,0.5447963151755707,0,0.3240978034538752,0,0,0
1363.7192407790903,64.50057373632134,133.17546568929026,12.565533030727307,1,71.56818350056582,0.1630003545658258,0,0.07774923251418489,0,0.11412308657392697,0,0,0
1115.4105015039413,13.52667420311945,191.12930850502087,34.84466207869516,0,85.88709217452967,0.06697459416669842,1,0.06378076411976727,0,0.2290518657607664,0,0,0
879.618736932283,1841.2131300452193,261.8239733707006,107.36115523724372,1,68.37022496217112,0.15337956774220604,1,0.13752082780952563,0,0.27670155074423,0,0,0
333.4774890000533,138.80031271927433,485.1187651648355,0.9769612472262794,1,1.1934179369376214,0.6767488989959652,0,9.066620800818615,1,0.012317619699844214,0,1,1
710.9187229803051,930.348335194744,126.82209802415616,24.287707394081206,1,43.67542228973979,0.015852333860965424,1,0.08658575518972796,0,0.1457736541999118,0,0,0
702.6974385702052,872.2433766895864,105.00417653389978,40.419242805671345,1,66.19919405017606,0.017163926704354966,0,0.4539790276109914,0,0.14776627227172634,0,0,0
1367.7735627325746,1065.8752235316254,168.70803419000737,124.02915259013211,1,81.3759754528668,0.19137650896103983,1,0.12689369095386935,0,0.43031415949754276,0,0,0
24.749236890402678,14.904327475579562,1060.7790098237979,6.241613528524903,0,2.609217131764987,0.43444881217976405,0,1.0016566831640674,1,0.03577365490992163,1,1,1
0.9691450186143346,112.32210678015903,319.9801982320887,7.976743565718127,1,26.857111050177195,0.39171645984212766,0,3.0490480681712673,0,0.0350286237723304,0,4,1
958.3429045703641,163.23808928374834,280.3105932396893,10.576912665141858,1,54.03566199677562,0.16570556515692675,1,0.036416326076404416,0,0.33979864920391245,0,0,0
17.53594792155313,8.403775148796145,1045.9445011678242,3.567753104480646,0,7.892421564674712,0.2181640202922812,0,8.098037712632541,1,0.05061117189050358,0,2,1
1320.9100334450309,512.9493152604316,120.25914855087451,11.725147722438738,0,31.79986416855228,0.2628339240904144,0,0.3648844804510046,0,0.4262770880197219,0,0,0
43.235678333029284,89.65353428893742,110.31875291998217,10.983794578573573,0,2.9024626236674815,0.6585290265449173,0,3.446673478193707,0,0.04743974964831369,0,0,1
820.1758462889915,4669.97459446646,45.90735139213928,153.1376022312492,0,116.19191839778875,0.18378685025032562,1,0.5122183400254358,0,0.21173533169666256,0,0,0
35.210008129344835,6.885333923973903,1372.1181118291515,5.170515592228031,0,8.962343710820754,0.7066092489364717,0,2.639847605173459,1,0.09298832473037866,0,4,1
1056.9541057287768,203.48206631143665,820.2108486120529,3.2706229099165434,1,129.37911050509564,0.22405938591058502,1,0.04715296547890115,0,0.37296034197351285,0,0,0
1225.2963939123506,459.16464541225974,420.5250695633121,16.597276205879,1,0.0,0.08542576143891203,1,0.2649257277035318,0,0.30332462187551434,0,0,0
1364.1484957842422,129.86543970655333,152.39180523881964,16.186413897495527,1,21.295768624675873,0.002599027506557547,0,0.011449642300806527,0,0.35862272800898565,0,0,0
67.4111611411661,40.93053573238647,271.98540174936426,8.812515950436817,1,31.153377742240565,0.5958121185848327,0,2.956503542596236,1,0.013590874286192932,0,1,1
80.3984092135682,13.93424270868239,1228.0902307703566,8.095157224123309,0,1.9345944368791426,0.6192057750950328,1,0.8984656815644863,1,0.005108186383671603,0,1,1
1438.1200787331927,292.8940374810519,165.79952216177884,64.40524299759792,0,37.20189984763567,0.21398515292161344,1,0.30943185345546753,1,0.028937904177507186,0,0,0
780.9131280126674,75.30727142431748,262.53081315740445,9.100187028950113,0,98.97808973594546,0.40243256959069806,1,0.018701963794862206,0,0.11760959570985614,1,0,0
1464.4861463604457,173.56157927493237,64.4557753814653,49.242604108918194,1,40.16504411414475,0.07938102125646061,0,0.1833106213442727,0,0.3784033557943339,0,0,0
7.6252678980778,36.77182407331286,459.46352308653843,14.914830513352037,0,10.957414609035157,0.7240308919436327,0,1.181527507818075,1,0.03263544482365034,0,3,1
1766.155802704972,67.2559681061687,135.0813521041795,56.40315646069152,1,24.002351567055562,0.0943834206057166,0,0.28445442925745906,1,0.2894171852053077,0,0,0
518.4713951526162,241.10122076416633,649.8873240061247,43.03775047025349,1,37.33892000321683,0.35947664682451724,0,0.07939391829855548,0,0.3492920208037595,0,0,0
153.2246191462641,93.53517170943607,239.03936677295627,10.880583604452346,1,3.1459829681914853,0.2374951731602788,0,2.6497312811548777,1,0.07146501333110336,1,0,1
24.04041015823394,8.409676080122027,2645.273458930867,3.3673730922982528,1,20.910617916585224,0.5285466101690184,0,6.249615214445212,1,0.017927946973614918,0,3,1
54.86282885635531,13.289194820187586,233.5834464097882,9.204277709502035,0,3.791960940865004,0.42941362447063364,0,3.784646901569078,0,0.07437842644944663,0,1,1
39.23048129439428,40.22340335826753,1471.680646900036,4.724922826048715,1,26.207155690362775,0.14463809278580073,0,2.5174023778128527,0,0.010485547438963745,1,0,1
1129.692885858306,1185.321643445651,67.78481787280407,46.548093596988735,1,39.563957131772334,0.06084625740471366,1,0.24307775286733574,0,0.2648563246198239,0,0,0
730.4834620497188,478.30985329328996,325.8123321264014,52.56521365126164,1,28.31221755613587,0.07568807372622137,1,0.36715113049750997,0,0.2741612191999865,0,0,0
1637.9745240267544,5.0,166.73526000058547,51.42367776110308,1,50.85574631355611,0.05977903389886137,1,0.07699601439956945,0,0.17105344954202956,0,1,0
1601.9106960332783,196.17146616837502,299.4309407947677,3.248756886620933,1,65.65336282538463,0.14897279888069637,1,0.12401337491664194,0,0.2723602183129935,0,0,0
70.97528724232612,30.248901391663352,903.0104622627935,5.094679708091054,1,9.222281128778352,0.6837596741647289,0,0.8851054586392475,0,0.025462176064302722,0,0,1
1011.7977743873412,30.66721207850257,28.612466434735083,13.064042398034985,1,12.460781179942373,0.055111668267682344,0,0.19847351738485297,0,0.052536293410449166,0,0,0
1221.9693966384289,385.7293822115578,81.99641346103223,58.97064966498773,1,79.77210484455193,0.15195727178372836,1,0.5092058060012029,0,0.10765985564993645,0,0,0
559.5352277980294,254.3036966173787,341.193924728576,104.18413149856885,1,84.06922647912236,0.08544924006272851,0,0.16367646465265234,0,0.16019932249629953,0,0,0
1310.2642377087095,148.8043448148101,334.16398564415806,49.39652245020057,1,125.74326961975953,0.1329971524683272,0,0.16049212882189948,0,0.13553206419237313,0,0,0
21.04459195496221,597.0776889603966,590.7679596489937,2.9777288276746874,0,36.97996988494156,0.46877310881568807,0,0.890910484680783,0,0.08730257719569559,1,3,1
26.376237050702258,2.5969931324358915,537.0059814850941,12.422527159921938,1,66.39448485631071,0.09509131509590038,0,4.0529072016262795,0,0.01033100789282031,0,0,1
2.681982421553349,22.47681757081249,50.0,16.281482409770465,0,8.183994041336877,0.3437570205818508,0,2.725428252291495,0,0.016863774985308364,0,1,1
57.4687617368436,54.70383725832706,528.5111019315318,2.137243407623406,1,2.9626950594224395,0.7430433794557685,0,5.581919164422262,1,0.05197505337360708,1,0,1
493.11363587606115,23.94583371862245,130.21727917638412,70.53280449143007,1,64.15324594033986,0.11448321517493548,1,0.21494603714481203,0,0.023720912662660472,0,0,0
17.11781751045834,13.384915311008543,298.1456662975924,0.9278472042829526,0,1.3214631792612321,0.1742213261628265,0,1.6935137683707715,1,0.07574614738872354,0,0,1
56.7627897402719,1.9895999657734955,373.43375821522216,1.664481598127232,0,17.56555210608825,0.40399709752144974,0,4.895500118855768,1,0.023617703091711368,0,1,1
1.638676904095164,349.9267714180946,638.2150244130569,3.756059360080811,0,39.9866146248945,0.6570076441690045,0,2.6788363394397905,1,0.15850257867188178,0,3,1
18.3269798914852,7.102725000511475,700.0658356812668,13.481455262287565,1,8.5250917998315,0.7307213625993574,1,2.524096931798586,1,0.16203798338050113,0,1,1
1081.7271689195366,403.81883553348104,391.4603412375181,40.63479946142617,1,31.077988810988213,0.1461189203287353,0,0.15777598204314358,0,0.015932780957617333,0,0,0
1616.6072533030865,204.07811228317803,53.49947804989689,45.36274396738694,1,10.557564208957245,0.05464989631483462,0,0.20749999091176688,0,0.2853183513251425,0,0,0
10.706749220500567,3.4352859196730834,241.1819179575331,3.9238264510623964,0,4.725008446741851,0.2240264419872613,0,4.34144555673467,1,0.04398287437212276,0,2,1
1017.200446349348,136.8881052509129,67.83726069705072,64.44328562795577,1,51.3611671570945,0.04211288244904599,0,0.17151544919878095,0,0.2459503505795588,0,0,0
1.6198097438155512,1881.7874728425186,149.44991154435712,2.9261092088895704,1,5.508655869815085,0.7909620195936933,0,7.199337850675242,1,0.05969433215985331,0,0,1
688.3508439779231,766.982805893995,88.61859562633877,12.799231888941353,1,5.011579010028385,0.1341889942309991,1,0.12785157066883554,0,0.12517571699506475,0,0,0
27.654443639065075,1.7774890793375315,1271.519033640533,0.5550864873203536,1,14.925474150990606,0.5259943820193349,1,4.2377635956136395,1,0.19015604454739618,0,0,1
52.408152278539376,2.4059649680133024,697.8080279830114,1.9515923423283064,0,5.929656301200572,0.7036218656288777,0,3.018369258875513,1,0.010055242601803804,0,1,1
1031.3746125735693,236.61185410350888,475.64993092762694,16.335862992996834,1,48.18995860628389,0.13427345975139157,0,0.19809925534090386,0,0.410068950476012,0,0,0
98.63230927936716,5.911832265810984,311.5623705070868,17.273907180295087,1,1.048098022570395,0.12202239012893219,0,4.215935049445517,1,0.05951078026613503,0,1,1
71.83095326170228,7.739276308824561,237.75527812249499,8.394709465791792,1,2.23396086228116,0.24963744989385672,0,5.700539982852778,1,0.06855517364960663,0,0,1
39.83508745935343,1.2748114652917606,171.09812611851615,1.065658955042452,1,11.013550187840353,0.4937351363405991,0,5.17398519159725,1,0.033516445762395486,0,1,1
810.1942930842707,227.88949143536416,116.28593407643869,24.6927900419468,1,67.90509427107934,0.13309755586800104,1,0.07834173876370142,0,0.11577528040073592,0,0,0
711.9219643849503,407.46664514396525,130.6594148521465,6.102907804153196,1,85.94486184447575,0.15423184569490064,1,0.39132925796491314,0,0.2558427552593678,0,1,0
6.9445064800910945,21.9349386643118,60.03905948562507,3.0732685375869426,0,0.5556265347642497,0.4667666047429467,0,3.7143678906587794,1,0.1132171497875185,0,0,1
9.135746166580162,2.302425529220502,115.6937076646255,2.6434721374464,0,21.077166904549962,0.49664031479061643,0,4.99127274253644,0,0.012666629497131975,0,1,1
17.0845721131526,5.13665471406512,400.457923936157,3.2672547562784295,0,10.31954510409911,0.4730906280934119,0,4.314129578521733,1,0.0963732845462708,0,2,1
745.6634722267937,111.35620039978775,44.734813475927425,161.00555857627248,1,14.181673166420502,0.03188598293454081,1,0.10490636980617798,0,0.3340218483585038,0,0,0
24.98563606881074,8.529603754156147,63.291479439540375,2.288973600881432,0,1.8745975323145356,0.35876376974296426,0,7.953043722144803,1,0.02508967946302972,1,2,1
1092.5189688280504,305.1701218074635,65.39147843335378,91.53255329348917,1,114.64152866117688,0.02158159790761871,1,0.04813187899459803,0,0.09903944102102065,0,1,0
1603.7409306568584,66.65708930736947,93.76692478557226,21.48885691526279,1,7.568607861313367,0.007606434073692884,1,0.22501989736852407,0,0.025227880829454298,0,0,0
1771.967263083896,476.60998092611953,248.75891003949928,121.79774595961239,1,42.68380493160008,0.2156070727821056,0,0.046174309561611844,0,0.16661838159001552,0,0,0
774.0113108965573,90.04917703886555,74.21494384669501,55.401926662899506,1,97.85076643699863,0.2118351267150243,0,0.1633977617250436,0,0.10757676769261307,0,0,0
70.83122842771023,20.374102328199413,323.0127625368115,27.552890278738566,0,18.022840867152457,0.3699593287872339,0,0.8766080456390921,1,0.20100475623591513,0,2,1
35.15827490086633,23.82628605306629,50.0,7.093533157630102,0,53.548652687297974,0.358800234916054,0,8.634004039264003,1,0.01027376333177833,0,0,1
13.266252242341617,9.694485315264616,178.3770423050968,18.399129226888267,0,6.4540152626010485,0.6124510479007953,0,2.6134762328121957,1,0.03300623286138498,0,2,1
1453.1443550299446,715.553231759683,106.51429249378924,33.876816556841966,1,83.68150931217839,0.2277192750106268,0,0.052703883322831734,0,0.2871657729314554,0,0,0
78.74719359630181,98.64474282212119,129.4942195591557,38.23201378000334,0,5.960085058402781,0.7279917003340945,0,6.61513258984833,1,0.026314750550225384,0,1,1
44.254839304730744,1.3137438009391196,1168.8921239921067,1.3232011015430476,0,0.8816826923823198,0.6393203235504784,0,4.172924036215033,1,0.02562903302891026,0,1,1
1.2251102755454293,9.895769536938325,1608.0393348607,8.464824724422412,0,9.696001041601509,0.793117074507076,0,1.8300357373689122,0,0.018245642600053874,1,1,1
715.8755216059847,158.50734857610735,93.64995897140805,103.9130012548211,1,44.28928329018653,0.06839022792720906,1,0.1828864160378656,0,0.28706635037348693,0,0,0
25.957665284649618,1.9662061292570976,511.3041732385108,14.162519843871642,1,2.10208242070761,0.5941893745394142,0,2.558918045023193,0,0.011351119229091291,1,0,1
96.45153055434248,42.3258188062328,2298.8028601867854,0.7239072653139708,0,0.02277141912441499,0.46788252358187987,1,1.2147021404682723,0,0.015783223310996984,0,1,1
12.074791250296594,27.11897405788935,744.4486187903314,0.4807372371385238,0,21.90691897983371,0.5994297647569293,0,5.616846771518341,0,0.01900978777633872,0,0,1
927.1767926951911,1443.9380441356716,39.33144151375385,16.051770632347665,1,6.230469008451436,0.062131229588232306,0,0.14136148133430296,0,0.09924997603836692,0,0,0
8.454763754861604,57.096903538469796,50.0,9.27739676203473,1,22.07462133462471,0.3498063381917742,0,0.6304025262495377,0,0.14463341546112998,0,2,1
49.964097254135616,7.458301662303457,537.6978816097042,2.5181349303282388,1,1.3603461306421494,0.5952609101112534,1,0.41281386729906067,0,0.08635604980396994,0,1,1
17.89459457415592,114.95360604367353,173.77590853469465,12.457958427462543,1,16.48228189029884,0.15679299793555362,0,6.331268525270604,1,0.0027812124226601473,1,2,1
856.4529144737451,565.3133656130373,292.7600245055423,12.137465138686238,1,76.49376602460627,0.048280569762447136,0,0.37402286702069726,0,0.10181629631043762,0,0,0
528.205885593718,180.00803960968156,47.905051596747384,986.254241774224,1,68.98220333785353,0.0031211881288012912,1,0.12780901895512561,0,0.3565273690402634,0,0,0
30.0,159.6784365411104,100.55179222518703,20.828242152452603,1,69.93671004114157,0.20773593522718653,1,0.20543893177692216,0,0.28716982733277213,0,0,0
1218.7354513255607,1148.4093605718958,252.57272907698427,49.06409030150948,1,49.34327672887156,0.0983041105565261,1,0.16496181361499226,0,0.10335811855266193,0,0,0
19.295321303705634,56.75229978663337,318.29357637962266,6.530389658195119,1,3.399822748164502,0.6788028284040019,1,3.202973369285375,1,0.03353581687514095,0,1,1
236.803641130218,122.30611853020027,723.2720806325873,315.7343275229221,1,31.235764625735612,0.08543887766711324,0,0.09132755625385526,1,0.37617750260385313,0,0,0
540.2598833576048,501.70708656237434,136.06538995433354,2.1405374529901167,1,94.11631352803036,0.08091037344343567,1,0.36470724409732186,0,0.16907013036768265,0,0,0
1473.9063303667817,255.87099807578642,104.41314638706041,111.941689035412,1,57.8967713285704,0.0008407326533528503,0,0.042445124754559756,0,0.11423373687724399,0,0,0
986.2939588610598,312.11032537528394,162.65438157468995,104.25528786944997,1,32.82339571480726,0.08416721848390343,0,0.44112079264254495,0,0.21065451844917443,0,0,0
